NOSAY1,VOTING1,COMPLEX1,NOCARE1,TOUCH1,INTERES1,NOSAY2,VOTING2,COMPLEX2,NOCARE2,TOUCH2,INTERES2,,
2,3,3,3,2,3,2,3,2,2,2,2 
3,2,2,3,3,3,3,2,2,2,2,2 
2,2,1,1,2,1,2,2,2,2,1,2 
3,2,2,3,3,3,3,2,2,3,2,2 
2,2,2,2,1,2,3,2,1,3,2,2 
3,1,2,2,2,2,2,2,3,3,2,2 
3,3,2,2,3,3,3,3,1,3,2,2 
2,2,3,1,1,1,2,2,2,2,1,2 
3,2,1,1,2,2,3,2,2,2,2,2 
1,1,1,1,1,1,3,3,2,3,2,2 
2,2,2,1,2,2,1,1,1,2,2,2 
3,3,2,3,2,2,3,2,2,3,3,3 
3,3,3,3,3,3,2,3,3,3,2,2 
3,3,2,2,3,2,2,2,1,2,2,2 
3,3,4,2,1,1,2,2,4,1,1,1 
3,3,3,3,3,3,3,3,3,3,3,4 
3,2,1,2,2,2,3,2,3,2,2,2 
3,3,2,3,3,3,3,3,3,3,3,3 
3,3,2,2,2,2,3,3,3,3,2,2 
2,2,1,1,1,2,3,2,2,2,2,1 
2,2,2,2,2,3,2,2,1,2,2,2 
2,2,1,2,1,1,2,2,1,1,2,1 
3,2,2,3,2,3,3,3,2,3,3,2 
3,4,1,3,1,3,3,3,2,3,2,3 
3,2,2,1,2,2,2,2,2,3,2,3 
3,3,2,2,3,3,2,3,2,2,3,3 
4,3,1,3,3,2,3,2,2,2,2,2 
3,3,2,3,3,4,3,4,2,3,2,3 
3,3,2,3,3,3,4,2,2,3,3,3 
2,2,2,2,2,2,2,2,2,2,2,2 
2,2,2,2,2,2,3,2,2,2,2,2 
3,3,2,3,2,3,3,2,2,2,2,2 
2,3,2,3,2,2,2,2,2,2,2,2 
3,3,3,3,3,3,3,2,3,3,2,2 
3,2,2,3,3,3,3,2,2,2,2,2 
2,2,1,2,1,2,2,2,2,2,2,2 
1,1,1,1,2,1,3,2,2,3,2,2 
2,3,2,3,2,3,3,2,3,3,3,3 
1,2,2,1,1,1,2,2,3,3,2,2 
3,3,2,4,3,3,3,3,2,3,1,3 
2,3,3,2,2,2,3,3,2,3,2,3 
3,3,2,3,3,3,3,3,2,3,2,3 
3,3,2,2,2,2,3,3,2,2,1,2 
3,3,3,3,2,2,3,3,2,2,2,2 
3,2,2,3,3,3,3,2,2,2,2,2 
1,3,2,1,3,2,1,3,3,1,1,2 
3,2,1,2,3,2,3,1,2,3,2,2 
3,3,2,2,2,2,3,3,2,3,2,3 
3,3,4,2,2,3,3,3,3,3,2,2 
3,3,1,3,2,2,3,3,3,2,2,2 
3,1,3,3,3,3,4,1,2,2,3,2 
2,2,1,2,2,2,2,1,2,1,2,2 
4,3,2,3,2,3,3,3,2,3,2,3 
3,3,2,3,3,3,4,3,3,2,3,3 
4,3,3,3,3,3,3,3,2,3,3,3 
3,2,2,2,2,2,2,1,2,2,2,2 
2,2,1,2,2,2,3,2,2,2,2,2 
3,3,2,2,2,2,3,3,4,2,2,2 
2,2,1,3,3,3,2,2,2,2,2,2 
3,3,2,2,3,2,2,3,2,3,2,2 
3,3,3,3,3,2,4,3,2,3,3,4 
3,3,3,3,3,3,3,3,3,3,2,3 
3,3,2,2,2,1,2,2,1,2,2,2 
3,3,2,3,2,2,3,3,3,3,2,3 
4,3,2,1,1,2,2,2,2,2,3,3 
3,3,2,2,2,3,2,2,2,2,2,2 
3,3,3,3,2,2,2,2,2,2,1,2 
1,1,3,3,2,2,2,2,1,1,1,1 
3,3,2,3,2,3,3,3,3,2,2,3 
3,2,2,3,3,2,4,3,3,3,3,3 
2,2,1,1,1,2,2,2,2,2,2,3 
3,3,2,3,2,3,3,3,3,3,3,3 
2,1,3,2,2,2,2,1,3,2,2,2 
3,2,2,2,2,2,3,1,3,2,2,2 
1,2,2,2,2,2,2,2,2,2,2,2 
2,1,3,3,2,2,3,2,1,2,2,3 
3,1,3,1,1,2,3,3,1,3,2,2 
3,3,2,3,3,3,3,3,3,3,3,3 
3,3,3,3,3,3,3,4,3,3,3,3 
4,1,1,1,2,3,3,3,2,3,2,3 
2,2,1,2,2,2,3,3,2,2,2,2 
2,2,2,2,2,2,3,3,2,3,2,3 
3,2,2,3,2,2,2,2,3,2,1,2 
3,2,3,2,2,3,3,2,3,2,1,1 
4,3,3,3,2,3,3,3,3,3,2,3 
3,3,3,3,2,3,3,3,3,2,2,3 
3,3,2,3,3,3,3,3,3,3,3,3 
4,3,2,4,3,4,3,2,2,3,3,4 
3,3,3,3,3,3,3,2,3,3,3,3 
2,3,3,2,2,3,2,2,2,1,2,2 
2,2,2,2,2,2,2,2,2,2,2,2 
3,3,2,3,3,3,3,3,2,3,3,3 
2,1,2,2,1,1,3,3,2,3,2,3 
3,1,2,3,4,2,2,2,2,1,1,1 
2,2,2,2,3,2,3,3,2,2,2,2 
2,1,2,3,3,2,1,1,1,1,1,2 
3,3,2,3,2,3,3,3,2,3,2,3 
1,4,1,1,1,1,1,2,1,1,1,1 
1,1,1,2,3,3,1,1,1,1,1,1 
3,2,2,2,2,2,3,2,3,2,2,1 
2,2,2,2,2,2,3,2,3,2,2,2 
3,2,2,2,2,2,3,3,2,3,3,3 
4,3,3,3,3,3,3,2,1,3,3,4 
3,2,1,2,2,2,2,2,1,2,2,2 
1,1,1,2,2,2,3,3,2,3,2,3 
2,2,2,3,2,3,2,2,2,2,2,2 
3,3,2,2,2,2,3,3,3,2,2,1 
1,1,1,1,2,1,3,2,2,2,2,2 
3,2,2,2,2,2,3,3,2,2,2,2 
3,2,2,2,2,2,2,2,1,1,1,1 
2,2,2,1,2,2,2,2,1,1,2,1 
3,2,2,2,3,2,2,2,2,3,3,2 
3,3,2,2,2,1,3,3,3,2,1,2 
4,2,1,3,1,3,2,2,1,3,2,2 
2,2,3,3,2,3,3,2,3,3,2,3 
3,1,1,3,1,1,4,1,2,2,1,1 
2,1,1,2,2,3,2,1,2,2,3,2 
3,3,2,3,3,2,3,3,2,3,3,3 
3,2,3,2,2,2,3,3,3,2,1,2 
1,2,2,2,2,1,3,2,2,2,2,2 
4,1,2,2,3,2,2,2,2,2,2,2 
4,3,4,3,3,4,4,3,3,4,3,3 
3,1,2,2,1,1,2,2,2,2,3,3 
3,2,2,2,2,3,4,3,2,3,3,3 
3,2,1,3,2,2,3,2,2,3,2,2 
3,3,2,3,3,3,4,3,2,3,3,3 
3,3,2,3,2,3,3,3,2,3,2,3 
4,1,2,3,1,2,4,1,2,3,2,2 
2,4,2,1,1,1,3,3,3,2,2,3 
2,2,2,2,2,2,2,3,2,2,2,2 
2,1,2,2,1,2,4,1,2,3,2,2 
3,2,2,3,3,3,3,2,1,3,3,3 
2,2,1,3,2,2,2,3,2,3,2,2 
1,2,2,1,1,1,2,2,2,2,2,2 
3,2,2,3,2,3,2,2,2,3,2,3 
2,2,2,2,2,2,3,3,1,1,1,1 
3,2,3,3,3,3,3,3,2,3,3,3 
3,3,2,1,1,1,3,3,2,2,1,2 
2,2,3,2,2,2,2,2,2,2,2,2 
2,1,1,2,2,2,3,2,2,2,2,2 
3,1,2,3,3,3,3,2,2,3,2,3 
2,1,1,2,2,2,3,3,2,3,2,2 
3,2,3,2,3,3,3,2,3,3,2,2 
1,2,4,4,1,3,2,2,2,2,2,2 
3,2,2,2,2,2,2,2,2,2,2,2 
3,3,2,3,2,3,4,1,2,3,2,3 
2,2,1,2,2,2,3,2,2,2,2,2 
3,1,2,2,2,1,3,2,3,2,2,2 
2,2,2,2,2,2,2,2,1,2,2,2 
3,3,2,3,3,3,3,3,2,3,3,3 
3,2,2,3,2,1,3,3,2,3,2,2 
4,3,2,3,2,2,3,3,2,3,2,2 
3,3,2,2,2,3,2,2,2,2,2,2 
4,3,2,3,3,3,4,3,2,3,2,2 
2,1,2,1,2,1,3,3,1,2,2,2 
2,3,1,1,1,1,3,2,2,3,2,2 
3,2,2,2,2,2,2,2,2,2,2,2 
2,3,1,3,2,2,3,2,2,2,2,2 
3,3,2,2,3,3,3,3,2,2,2,3 
3,3,2,2,1,1,2,2,2,1,1,2 
2,2,2,2,2,2,2,2,2,2,2,2 
4,3,2,3,3,2,2,1,2,3,2,3 
2,3,2,2,2,2,3,2,1,2,2,2 
4,2,2,2,1,1,2,2,2,2,2,2 
3,1,2,1,3,2,3,3,2,2,2,2 
3,3,2,3,2,2,3,3,2,3,3,2 
3,1,2,3,2,2,3,2,2,3,2,2 
2,3,2,3,3,3,3,3,2,2,2,3 
2,1,2,2,3,3,2,3,2,2,2,2 
3,3,2,3,3,3,3,3,2,3,2,3 
4,4,3,3,3,3,3,3,3,3,3,3 
2,3,2,3,3,3,2,2,2,2,2,2 
2,1,1,1,2,3,4,1,2,1,1,1 
2,2,2,2,2,3,2,2,2,2,2,2 
2,2,2,3,2,1,2,2,3,3,2,2 
2,2,2,2,2,2,2,2,2,2,2,2 
2,2,4,2,2,3,3,4,3,3,3,3 
1,1,3,3,3,3,2,2,3,2,2,2 
2,2,2,1,1,1,3,3,1,3,3,2 
3,3,2,3,2,2,3,2,3,3,1,1 
2,2,2,1,2,3,3,2,2,2,2,2 
3,3,2,3,2,2,3,3,2,3,3,3 
3,1,1,2,2,2,1,1,1,1,1,1 
2,2,2,2,2,2,2,2,2,2,2,2 
3,3,3,3,2,3,3,3,2,2,2,2 
3,3,2,3,3,3,3,3,2,3,2,3 
3,3,2,2,3,2,3,3,2,2,3,2 
2,2,2,2,2,2,3,3,2,2,2,2 
3,3,2,3,2,2,3,3,3,3,2,3 
3,2,3,3,2,2,3,3,2,3,3,2 
3,3,2,2,3,2,1,2,2,2,2,2 
3,2,2,3,2,3,2,2,2,2,2,2 
3,2,3,3,3,2,3,3,2,3,3,3 
3,2,2,3,2,3,3,3,3,4,3,3 
3,3,2,1,3,3,2,2,2,2,3,2 
3,1,2,2,2,3,3,2,2,3,2,3 
3,3,3,3,3,2,3,3,3,2,2,2 
3,3,2,3,2,2,4,2,2,2,1,1 
1,2,2,1,2,1,2,2,2,2,2,2 
2,2,2,1,1,1,2,2,2,2,3,2 
1,4,1,1,1,1,1,2,2,2,3,3 
3,1,3,2,2,2,3,3,3,3,2,3 
2,3,2,3,3,3,2,3,2,2,2,2 
2,2,2,2,2,2,2,2,2,2,2,1 
2,3,3,2,2,3,2,2,2,3,2,3 
3,3,2,3,3,3,3,3,2,3,3,3 
3,3,1,3,2,2,3,2,2,1,1,1 
3,3,2,2,2,2,3,2,3,2,1,2 
3,4,2,2,2,2,3,3,2,3,2,2 
2,3,4,1,2,1,3,3,3,3,3,3 
2,2,2,2,2,2,2,2,2,2,2,2 
3,2,2,2,2,2,3,3,2,2,2,3 
3,3,2,3,3,2,3,3,2,3,2,2 
3,2,1,1,2,2,2,2,2,2,2,2 
3,3,4,2,2,2,3,3,3,3,3,2 
2,1,2,3,2,3,3,3,2,3,3,3 
4,2,3,3,3,4,3,2,2,3,2,3 
3,3,2,3,3,3,3,3,2,3,2,2 
3,3,2,3,3,3,4,2,2,3,2,3 
3,3,2,2,3,3,2,3,2,2,2,2 
3,3,2,3,3,3,3,3,2,3,3,3 
3,2,2,3,3,3,3,2,2,3,3,3 
3,3,2,2,2,2,2,2,2,2,1,2 
4,3,3,3,2,3,3,3,3,3,3,3 
2,2,3,2,2,3,2,3,2,2,2,2 
2,1,2,2,2,2,2,2,2,2,2,2 
2,2,3,2,2,2,2,2,2,2,2,2 
3,3,2,2,3,2,4,3,3,3,3,3 
2,3,3,1,1,1,1,4,4,1,1,1 
3,3,3,2,2,2,3,2,2,2,2,2 
3,2,2,3,3,3,1,2,2,3,2,3 
3,2,3,2,3,2,2,2,2,2,2,3 
3,1,2,2,2,2,3,2,2,2,2,2 
4,3,1,3,2,3,4,2,1,1,1,1 
3,3,2,3,3,3,3,3,2,3,3,2 
3,3,2,3,3,3,3,3,2,3,3,3 
3,2,2,2,2,2,2,2,2,2,2,2 
3,3,3,3,2,2,3,3,3,3,3,3 
1,2,2,1,2,2,2,2,2,2,2,2 
2,2,2,1,2,1,3,2,2,2,2,2 
2,1,2,2,2,1,2,1,2,1,2,1 
1,1,2,1,1,1,3,2,2,2,2,1 
2,2,1,3,2,2,3,3,2,3,2,3 
2,2,2,2,2,3,2,3,2,2,3,3 
3,2,2,3,3,3,3,2,2,3,3,3 
3,3,2,3,3,3,3,3,2,3,3,3 
3,3,2,3,2,1,3,3,3,3,3,3 
3,2,2,2,2,2,3,2,2,3,2,2 
3,3,2,3,3,3,3,3,2,3,3,2 
3,3,2,3,2,2,3,3,2,2,3,3 
3,1,2,3,2,3,3,1,2,3,3,2 
2,2,2,3,3,2,3,3,2,2,2,2 
3,2,2,3,3,3,3,2,2,3,2,3 
1,3,3,2,2,2,2,3,2,2,2,2 
3,1,1,3,1,1,3,1,1,3,3,3 
3,3,3,2,2,3,3,2,2,3,3,3 
3,3,3,4,3,2,3,2,2,3,2,2 
2,2,2,2,2,2,2,2,2,2,2,2 
3,2,2,3,2,3,3,2,2,2,2,2 
3,3,2,3,2,2,3,2,3,2,2,2 
2,3,2,1,1,1,2,1,2,2,2,2 
3,3,2,3,3,3,4,3,2,2,2,2 
2,2,2,2,2,3,3,2,3,2,2,2 
4,4,2,3,1,2,4,4,1,3,2,3 
3,3,2,3,3,3,3,3,2,3,3,2 
3,3,2,3,3,3,3,2,2,3,2,2 
3,3,3,3,2,3,3,3,2,2,2,3 
3,3,3,3,3,3,3,3,2,3,3,3 
2,2,2,2,2,2,2,2,2,2,2,2 
3,2,1,2,2,2,4,3,1,3,3,3 
3,3,3,2,2,3,3,3,2,2,2,3 
3,4,4,2,2,2,3,3,2,2,2,3 
4,1,2,3,1,2,3,2,2,2,2,2 
3,3,3,3,2,2,2,2,1,2,2,2 
4,3,3,3,2,3,3,3,2,2,2,2 
4,4,3,3,2,3,3,3,2,3,2,3 
1,2,1,2,2,2,3,3,2,3,2,3 
3,3,2,3,2,2,3,2,3,2,2,2 
3,3,2,2,2,2,3,2,2,2,3,2 
2,2,2,3,3,2,2,1,3,2,2,2 
3,3,1,3,2,2,3,1,2,2,2,2 
2,2,2,3,2,3,3,3,2,3,3,3 
2,2,2,2,2,2,3,3,2,2,2,2 
4,3,3,3,3,3,3,3,3,3,2,2 
3,1,2,2,2,2,3,3,2,2,2,2 
4,3,2,2,2,3,3,3,2,2,2,2 
3,3,2,2,2,2,1,2,1,2,2,2 
4,4,2,3,3,3,4,3,2,3,2,3 
3,2,2,2,2,2,3,3,3,3,3,3 
3,3,2,3,1,3,3,3,3,3,3,3 
2,2,1,2,4,3,3,1,1,2,2,2 
2,2,2,1,2,2,2,2,2,2,2,3 
4,4,4,3,2,3,4,4,4,4,3,3 
3,3,3,3,3,3,3,3,2,3,4,3 
3,3,3,3,2,3,4,3,4,4,2,3 
3,2,1,2,1,1,3,1,2,2,2,2 
3,3,2,2,2,2,3,3,3,2,2,2 
4,1,2,3,3,3,3,2,2,3,3,3 
3,1,1,2,1,2,4,1,2,3,1,1 
4,3,3,4,3,3,4,4,3,2,2,2 
3,3,2,3,2,3,3,2,2,3,2,3 
3,2,4,2,3,3,3,2,2,2,1,2 
2,2,2,2,2,2,2,2,2,3,3,3 
3,3,3,2,2,2,3,2,2,3,3,3 
2,2,2,1,2,2,2,2,3,2,2,2 
3,1,3,3,3,3,3,1,2,3,3,3 
2,3,2,2,2,2,2,3,3,2,2,2 
3,3,2,3,3,3,4,3,4,3,3,3 
1,2,2,2,2,2,1,2,2,2,2,2 
3,3,2,3,3,2,3,2,2,3,2,2 
3,3,2,2,2,3,3,3,2,2,2,2 
3,3,2,3,2,3,2,2,1,2,3,2 
3,3,2,2,2,2,2,2,2,2,2,1 
3,2,2,3,3,2,3,2,2,3,3,2 
3,3,2,3,3,2,3,3,2,3,3,2 
2,3,2,1,1,1,3,3,2,2,2,2 
3,3,2,1,1,2,3,1,3,2,2,3 
3,3,2,3,3,3,3,3,2,3,3,3 
3,2,3,3,2,3,3,1,3,2,2,2 
3,1,2,2,2,2,2,2,2,2,2,2 
2,2,2,2,1,1,2,2,2,2,2,1 
2,2,1,1,1,1,2,2,2,2,2,2 
1,1,1,2,2,2,4,2,2,2,2,2 
2,2,1,2,2,2,3,2,2,2,2,2 
3,1,2,3,2,2,1,2,1,3,1,2 
3,1,2,2,1,1,3,3,1,2,1,2 
2,3,1,3,3,3,2,2,2,3,2,2 
3,3,3,3,3,3,3,3,2,3,3,3 
2,3,2,3,2,3,3,4,3,2,2,3 
2,1,2,2,1,1,2,1,2,1,1,1 
2,1,2,2,2,3,3,2,2,3,3,3 
2,2,2,3,2,2,3,1,2,3,2,2 
3,3,3,2,2,2,3,2,3,3,2,2 
3,1,1,1,2,2,1,1,2,2,2,3 
3,2,2,2,2,2,3,2,2,2,2,2 
3,2,4,4,3,3,3,1,3,3,3,3 
4,3,3,3,3,3,3,2,3,3,3,3 
3,3,2,3,3,3,3,3,2,3,3,3 
3,3,1,1,1,1,1,1,1,1,1,1 
3,2,3,3,2,3,3,3,3,3,2,3 
3,2,3,2,2,2,3,3,2,2,2,2 
2,2,2,3,2,3,3,2,2,4,2,4 
2,2,2,2,2,1,3,3,3,3,2,2 
1,1,2,3,2,3,2,1,1,3,2,3 
1,3,1,1,1,1,1,1,1,1,1,1 
2,2,2,2,2,3,3,2,2,2,3,3 
2,2,2,2,2,2,2,2,3,2,2,2 
3,3,2,3,2,3,3,3,2,3,2,3 
3,3,1,3,2,2,3,3,2,3,2,3 
2,2,1,2,2,2,2,2,2,2,2,2 
1,1,1,1,1,1,2,2,2,3,2,3 
3,2,3,3,3,3,3,3,3,2,1,2 
3,1,2,3,2,2,2,2,2,2,2,2 
2,2,2,2,2,1,2,2,2,2,2,2 
2,2,2,2,2,2,2,3,2,2,2,2 
3,2,2,3,3,3,3,3,3,3,3,3 
2,3,1,2,2,2,2,3,2,2,2,2 
3,3,2,3,2,2,3,3,2,3,2,2 
3,2,2,3,2,3,3,2,3,3,2,3 
4,4,4,4,3,4,3,4,2,3,3,3 
3,3,4,3,3,2,3,3,2,3,3,3 
3,2,3,2,2,1,3,2,2,3,2,3 
2,3,2,2,3,2,3,2,3,2,1,2 
3,2,2,3,3,3,3,3,2,3,2,3 
3,1,2,2,1,2,3,2,2,2,2,3 
3,3,3,3,3,3,3,3,3,3,3,3 
2,2,2,2,3,2,3,3,2,2,2,2 
1,2,1,2,2,2,2,2,2,1,3,3 
3,2,2,3,3,3,3,3,2,3,3,2 
3,3,4,3,3,3,3,3,2,3,3,2 
3,3,2,3,2,3,2,2,2,2,1,2 
3,3,2,3,3,3,3,3,2,2,1,2 
1,1,1,1,1,1,3,3,2,3,3,3 
2,2,3,1,1,1,2,2,3,1,1,1 
3,3,2,3,2,2,3,3,2,3,2,3 
2,2,1,2,2,2,3,3,2,3,3,3 
2,3,4,3,3,3,2,2,4,3,2,3 
3,3,2,2,2,2,2,2,2,2,2,2 
2,2,2,2,2,2,3,2,2,2,2,3 
3,3,2,3,3,3,3,2,2,3,3,3 
2,2,3,3,2,3,2,2,2,3,2,3 
3,3,2,3,3,3,3,3,3,3,3,3 
3,3,2,2,3,4,2,3,2,2,1,2 
4,3,1,3,2,3,3,3,2,3,3,3 
2,2,2,2,3,2,2,2,2,3,2,3 
3,3,2,3,3,3,3,3,2,3,3,3 
3,2,2,3,3,3,3,3,1,3,2,3 
4,3,2,3,2,2,3,3,2,3,3,3 
3,3,2,3,2,2,3,2,3,4,2,3 
3,2,2,3,2,2,2,1,1,1,2,1 
3,3,3,3,3,2,4,3,2,3,2,2 
3,2,2,3,3,3,3,2,1,2,2,2 
1,2,1,2,1,1,2,3,3,1,1,2 
3,3,2,2,2,3,3,3,2,3,2,3 
2,1,3,2,2,2,3,3,2,3,2,3 
1,1,1,1,1,1,3,1,2,3,2,2 
3,3,2,2,2,2,3,3,2,3,3,3 
2,2,2,2,2,2,2,2,2,3,2,2 
3,3,2,2,2,2,3,2,2,3,3,3 
2,2,1,1,1,1,3,2,2,2,2,2 
3,3,2,3,3,3,3,3,2,3,2,3 
2,2,2,2,3,2,3,2,2,1,2,2 
2,2,2,2,2,2,2,2,2,2,2,2 
2,2,2,2,2,2,2,1,2,2,1,2 
2,3,2,3,2,3,3,4,2,3,2,3 
3,2,3,2,3,3,3,3,3,3,2,3 
3,3,3,3,3,3,3,3,3,3,3,3 
3,3,3,3,3,2,3,3,3,3,2,3 
1,1,2,2,2,2,2,2,2,2,2,2 
3,3,2,3,2,2,3,2,2,2,2,2 
3,3,3,3,3,3,3,2,2,3,2,3 
4,4,2,4,2,2,4,3,4,4,1,1 
3,3,1,3,2,2,3,2,2,2,2,3 
2,3,2,3,3,3,2,2,1,3,2,3 
3,2,3,3,2,2,3,3,3,3,2,3 
2,2,3,3,2,3,4,4,2,3,3,3 
3,3,2,2,2,3,3,3,3,3,3,3 
1,1,1,3,2,3,3,3,2,3,3,3 
3,3,3,2,3,2,3,3,2,2,2,2 
3,2,2,2,2,3,4,3,2,3,3,3 
2,1,2,3,3,3,3,3,2,2,1,1 
3,3,1,2,4,2,1,1,1,1,1,1 
3,3,3,2,2,2,3,3,3,3,2,3 
3,3,2,3,2,3,3,2,2,2,3,2 
3,3,2,2,3,2,3,2,2,3,2,3 
4,3,3,3,2,3,3,3,4,3,2,2 
3,3,2,2,3,3,3,3,1,3,3,2 
3,3,2,3,2,2,3,3,2,2,2,2 
3,3,2,3,3,3,3,4,2,3,3,3 
2,3,1,2,2,2,2,2,1,1,1,1 
3,3,3,2,2,2,3,3,2,3,2,2 
2,1,2,2,2,2,2,2,2,2,2,2 
3,2,2,2,2,2,3,2,1,2,2,2 
3,2,2,3,2,2,2,2,2,2,2,1 
3,3,2,3,2,2,3,3,2,3,2,2 
3,2,1,1,1,1,3,2,2,1,2,2 
2,2,1,1,1,1,3,2,1,1,1,1 
3,1,1,3,2,2,4,2,2,3,1,1 
3,1,3,3,2,2,4,2,3,3,1,2 
4,4,4,4,4,4,4,3,3,4,3,2 
1,1,3,1,3,3,2,2,2,1,1,2 
3,2,2,3,3,3,3,3,3,3,2,2 
3,3,2,4,2,2,3,3,2,3,3,3 
1,1,1,2,1,1,3,2,2,2,2,2 
3,2,3,3,3,2,3,2,2,3,2,2 
1,2,2,2,1,1,3,3,3,3,1,1 
1,2,1,1,1,1,3,2,2,2,2,2 
2,2,2,1,2,1,2,2,2,2,2,2 
2,2,3,3,2,2,2,2,3,3,2,2 
2,2,1,1,1,1,3,3,2,3,2,3 
3,2,3,3,2,2,3,2,2,2,1,2 
3,1,2,3,2,2,3,2,3,4,3,3 
3,2,2,2,3,3,3,2,2,3,3,2 
3,3,2,3,3,2,2,2,1,2,3,3 
3,3,1,4,3,4,3,3,3,3,3,3 
1,1,1,1,2,1,2,2,1,2,2,2 
3,3,2,2,3,3,3,3,3,2,3,3 
2,2,1,2,3,3,3,3,2,3,3,3 
2,1,2,2,2,2,2,2,2,2,2,2 
2,2,2,3,2,2,3,1,2,3,2,2 
2,2,1,2,2,2,2,2,2,2,2,2 
3,3,3,3,3,3,3,3,3,4,3,3 
3,1,2,3,3,3,3,2,2,3,3,3 
2,2,2,2,2,2,3,2,3,2,2,2 
2,2,2,2,2,2,3,3,2,1,2,1 
3,3,2,2,2,3,3,3,3,3,3,3 
3,1,2,2,1,1,2,1,3,2,2,1 
3,1,2,2,2,3,3,2,2,3,2,2 
3,3,2,3,3,3,3,2,3,3,2,3 
3,3,2,3,2,2,3,4,3,3,3,2 
2,3,3,1,1,1,2,2,2,2,2,2 
3,3,2,2,3,2,1,1,1,1,1,1 
2,2,2,2,2,2,3,2,2,2,2,2 
3,3,3,3,3,3,3,3,2,4,3,3 
3,1,2,2,2,2,2,2,2,2,2,2 
2,2,3,2,2,2,2,2,2,2,2,3 
2,2,3,2,3,3,3,3,3,3,2,1 
2,3,3,3,2,2,3,3,2,3,2,3 
3,3,2,3,3,3,4,3,2,3,3,3 
3,1,2,3,3,3,4,2,2,3,3,3 
2,2,2,2,1,2,3,3,2,3,2,2 
3,3,3,3,2,3,3,3,3,3,2,3 
3,3,3,2,3,3,2,2,2,2,1,2 
2,2,1,2,2,2,2,2,3,3,1,2 
1,1,1,1,1,1,2,1,1,1,1,1 
2,1,2,1,1,1,2,1,2,1,2,2 
3,1,2,3,2,3,3,2,2,2,2,2 
1,1,2,2,1,1,2,1,2,2,1,1 
3,4,3,3,2,3,3,3,3,2,2,3 
3,2,2,3,2,2,2,2,2,2,3,2 
3,1,3,4,3,2,3,3,2,3,2,3 
3,3,1,2,3,2,3,3,2,4,2,3 
4,3,2,2,2,2,3,3,3,3,2,2 
3,2,3,2,2,3,3,3,4,3,2,3 
2,3,2,2,2,2,4,4,2,2,2,2 
3,3,3,2,2,3,3,3,3,3,2,3 
2,2,4,3,2,3,3,3,4,3,3,3 
3,1,3,2,2,2,3,2,3,2,1,2 
3,3,3,2,2,2,4,3,3,3,2,3 
3,4,1,3,3,2,3,2,2,3,3,2 
3,3,3,2,1,1,3,3,3,2,1,2 
3,3,2,3,3,2,2,2,2,3,3,3 
4,2,2,2,3,3,2,2,2,2,2,2 
1,1,1,1,1,1,1,1,2,1,1,1 
3,3,2,3,2,3,3,3,2,3,2,3 
3,1,2,3,3,3,3,3,3,3,3,3 
2,2,2,2,2,2,2,2,1,2,2,2 
4,2,3,3,2,2,2,1,2,2,3,3 
3,3,2,2,2,2,2,2,3,2,2,2 
2,3,1,2,2,2,2,2,2,3,2,3 
3,2,2,3,3,3,3,2,2,3,2,3 
2,2,2,2,2,2,3,2,2,2,2,2 
2,2,3,2,2,2,3,3,3,3,2,2 
3,3,2,2,2,2,3,3,3,3,3,3 
3,3,2,3,2,2,1,1,1,1,1,1 
3,3,2,2,2,3,3,3,2,3,2,2 
3,2,2,3,3,3,2,2,2,2,2,2 
1,2,2,1,1,1,3,3,3,2,2,3 
3,3,1,2,2,2,3,3,2,2,3,3 
3,1,3,3,2,2,3,1,2,2,2,1 
3,3,2,2,2,2,3,3,2,2,2,2 
2,1,1,2,2,3,2,2,2,2,2,2 
1,4,2,2,1,1,3,3,2,1,2,3 
3,1,2,2,1,1,1,1,2,1,1,1 
4,1,4,4,3,3,3,2,4,3,3,3 
2,3,4,2,3,2,3,4,4,1,1,1 
3,2,2,3,2,2,2,2,2,2,2,2 
3,2,1,2,2,2,2,3,2,2,2,2 
2,3,2,3,2,3,2,1,2,2,2,3 
2,3,3,3,2,2,3,3,3,2,2,3 
3,2,3,3,3,3,3,3,2,3,2,3 
1,1,2,2,1,1,1,1,2,2,2,2 
3,4,1,4,4,4,3,3,2,3,3,3 
3,3,2,3,3,2,3,3,3,3,3,3 
3,2,1,2,2,2,3,3,2,2,2,3 
1,1,2,2,2,2,2,2,1,2,2,2 
3,3,3,4,1,2,4,2,2,3,1,2 
2,3,2,2,2,2,2,3,1,2,2,2 
3,3,3,3,3,3,2,2,2,1,2,2 
2,2,2,2,2,3,2,2,2,2,2,2 
3,2,2,2,2,2,3,3,2,3,2,2 
3,1,2,4,3,3,3,2,3,3,2,3 
3,4,2,2,2,3,3,1,2,2,2,2 
3,2,3,3,3,3,3,2,2,3,2,3 
2,3,1,2,2,2,1,1,1,2,1,2 
3,3,2,3,3,2,3,3,3,3,2,3 
1,1,1,2,1,2,3,2,2,2,2,2 
1,3,2,1,1,1,1,3,1,1,2,1 
3,3,3,3,3,3,3,3,2,2,2,3 
1,1,2,1,1,2,3,3,2,3,3,2 
3,3,4,2,2,2,3,3,3,2,2,2 
3,2,3,3,2,3,2,2,2,2,2,2 
4,3,2,4,3,3,4,2,3,4,3,4 
3,2,3,3,3,2,3,3,3,2,2,3 
2,2,2,2,3,2,3,3,2,3,2,1 
3,3,3,3,3,3,3,3,2,3,3,3 
3,3,3,3,3,4,3,2,3,3,3,3 
3,2,1,2,1,2,3,3,2,2,2,3 
3,3,3,2,3,2,4,3,2,3,2,3 
2,2,1,1,1,2,2,2,1,2,2,2 
3,3,3,2,2,3,3,3,2,3,3,3 
4,3,2,1,1,1,3,2,4,3,1,2 
3,3,2,2,1,1,3,3,2,2,2,2 
3,2,4,3,3,2,3,2,3,3,1,2 
2,2,2,2,2,2,2,2,2,2,2,2 
1,1,1,2,1,3,2,2,2,2,2,3 
2,1,1,3,2,3,2,1,3,2,1,2 
4,3,2,4,3,4,3,4,3,3,3,3 
3,4,2,3,2,3,3,3,1,2,1,2 
1,3,1,1,1,1,2,3,2,2,2,2 
3,2,3,2,2,2,3,3,2,2,2,2 
3,3,4,3,4,3,2,2,3,2,2,2 
3,3,2,3,3,3,4,3,2,3,3,3 
1,2,2,2,1,2,2,2,2,2,2,2 
1,1,1,1,2,1,2,1,1,2,1,2 
3,3,2,1,2,2,3,3,3,3,3,3 
3,2,2,3,3,3,2,2,2,2,2,2 
2,3,3,2,2,2,3,3,2,2,2,2 
2,3,3,2,1,2,3,3,2,2,1,2 
3,2,3,2,2,2,3,3,3,3,3,3 
2,2,1,1,2,2,3,3,3,2,3,2 
4,3,3,3,4,3,3,3,2,3,2,2 
1,1,1,1,1,1,2,3,2,2,2,2 
2,2,3,1,2,2,3,2,3,2,2,2 
3,2,2,3,3,3,3,2,2,3,3,3 
3,3,3,3,2,2,3,2,3,2,2,2 
3,2,2,2,2,2,3,2,3,3,2,2 
3,2,2,2,2,2,4,2,2,2,2,2 
4,2,3,3,2,3,3,2,2,2,1,2 
3,4,3,3,3,3,3,4,3,4,3,3 
1,1,1,2,2,2,2,2,2,2,2,2 
2,4,2,1,3,1,3,3,2,2,2,3 
3,3,3,3,3,3,2,2,2,2,2,2 
3,2,2,4,3,1,2,2,2,2,2,2 
2,4,3,2,2,2,2,3,2,2,2,2 
4,1,2,3,3,3,3,2,2,3,2,3 
2,2,2,2,2,1,2,3,2,2,2,2 
3,3,3,3,3,3,3,3,2,3,2,2 
3,3,3,2,3,2,3,3,2,3,3,2 
2,2,2,2,2,3,3,3,2,3,3,2 
3,3,2,3,2,3,2,2,1,2,1,2 
2,2,1,1,1,1,3,2,4,2,2,2 
2,1,3,2,2,2,2,2,2,2,2,2 
1,1,3,2,2,2,3,1,3,3,3,2 
3,3,3,3,3,3,3,3,3,3,2,3 
3,3,3,4,2,3,3,3,2,2,2,2 
2,2,2,2,2,2,2,2,2,2,2,2 
3,3,2,4,3,2,4,4,2,3,3,3 
1,2,1,3,2,3,2,3,3,3,3,3 
1,2,2,2,2,3,3,3,3,3,3,3 
3,2,2,2,2,3,2,1,2,2,2,1 
2,2,2,2,2,2,2,2,1,2,2,2 
4,3,4,2,1,2,3,3,3,2,2,3 
1,3,2,2,1,1,1,1,1,1,1,1 
3,3,3,3,3,3,3,3,2,3,3,3 
3,3,3,3,2,3,3,3,2,2,3,2 
3,1,2,3,3,3,3,3,2,3,3,3 
3,3,2,3,3,3,3,3,2,3,2,3 
2,3,1,1,1,1,3,3,1,1,1,1 
2,1,1,1,1,1,1,1,2,2,1,1 
2,2,2,2,3,3,3,3,2,3,2,3 
4,4,4,4,4,4,4,3,4,4,3,3 
3,2,2,2,2,2,2,2,3,2,2,3 
1,1,1,1,1,1,2,2,2,2,2,2 
1,1,2,3,3,3,3,1,3,2,2,2 
4,3,4,4,3,3,4,3,3,3,2,3 
1,1,1,1,1,1,3,1,2,2,1,1 
3,2,2,2,2,1,3,2,2,2,2,2 
2,3,1,1,2,2,3,3,2,3,3,3 
3,4,2,3,3,3,3,3,3,3,3,3 
2,2,3,2,2,2,3,2,4,2,2,2 
1,1,1,2,2,1,2,2,3,2,1,1 
3,3,1,3,3,2,3,3,1,3,2,3 
2,2,2,2,2,2,2,2,2,2,2,2 
3,3,2,3,2,3,3,2,3,2,2,2 
3,3,2,3,3,3,3,3,2,3,2,2 
3,2,2,3,3,3,3,2,2,3,3,3 
3,2,2,3,3,2,3,2,2,3,2,3 
3,3,1,2,2,2,2,2,2,2,2,2 
3,1,1,3,3,3,3,3,1,3,3,3 
3,2,2,3,3,3,3,2,2,2,2,2 
3,3,2,3,3,2,3,3,1,2,3,2 
3,2,2,2,2,1,3,2,2,3,2,2 
3,3,2,3,3,3,3,3,2,3,3,3 
3,3,3,3,3,3,3,3,3,3,3,3 
3,3,2,2,2,2,2,3,3,2,2,2 
3,2,1,2,2,2,2,2,1,2,2,2 
3,3,2,3,2,3,4,4,2,3,3,3 
4,3,3,2,2,3,3,4,4,2,3,3 
3,3,3,3,3,3,3,3,2,3,3,3 
3,2,2,3,2,2,4,3,3,3,2,3 
3,3,2,2,2,2,2,3,1,3,3,2 
3,3,3,2,2,2,3,3,4,3,3,3 
3,3,3,3,2,3,3,2,2,2,2,2 
2,3,2,2,2,2,2,3,2,2,1,2 
3,2,2,3,2,2,3,3,2,3,2,3 
2,2,1,1,1,2,3,3,2,2,2,2 
2,2,2,2,2,2,2,2,1,2,2,2 
2,3,2,3,2,3,3,2,2,3,2,3 
4,3,2,3,3,2,2,2,2,2,1,2 
2,1,1,3,2,2,3,2,1,3,2,2 
2,1,2,2,2,1,2,3,2,2,3,2 
3,3,2,3,3,3,3,3,2,3,3,2 
2,2,1,2,1,2,3,2,1,2,1,2 
3,4,2,3,3,3,3,3,2,3,3,3 
3,3,2,2,3,2,2,2,3,3,3,3 
3,2,2,3,3,3,2,2,2,2,2,2 
3,2,2,2,3,3,3,3,2,3,3,2 
3,3,3,4,3,3,3,3,3,3,2,2 
2,3,1,2,2,2,2,3,2,3,2,3 
3,2,2,2,3,2,2,1,2,2,2,2 
3,2,3,3,2,3,3,2,3,3,3,3 
2,1,1,2,2,1,3,2,1,1,1,2 
2,1,2,2,2,2,3,3,2,3,2,3 
3,4,2,3,3,3,3,4,3,2,3,3 
3,2,2,3,3,3,2,2,1,3,2,3 
1,2,2,2,1,1,1,2,1,1,2,1 
2,2,1,3,2,2,2,2,2,2,2,2 
3,1,2,3,2,3,3,2,3,3,2,3 
2,1,1,2,2,2,2,1,2,2,1,3 
3,2,3,3,3,3,3,2,3,2,3,2 
3,3,2,2,3,2,3,3,2,2,3,2 
2,3,2,3,2,3,2,2,3,2,2,2 
4,3,4,4,3,4,3,3,3,3,3,3 
3,2,1,3,2,3,3,2,2,3,3,3 
2,2,2,2,1,1,3,2,2,2,2,2 
3,2,2,3,3,3,3,2,2,3,2,3 
3,2,1,3,2,2,2,3,2,3,2,2 
2,1,2,2,2,2,3,2,2,3,2,3 
3,3,3,3,2,3,3,3,2,2,3,3 
2,3,2,2,2,2,2,2,3,2,1,1 
2,2,3,2,1,2,2,1,2,3,2,3 
1,2,2,2,2,2,2,3,1,2,2,2 
1,1,1,2,2,2,3,3,2,2,2,2 
2,2,3,2,2,2,3,3,1,4,3,1 
3,3,2,3,3,3,3,3,3,3,3,2 
3,2,3,2,2,3,3,2,3,3,2,2 
3,2,2,3,2,3,3,2,3,3,3,3 
3,3,2,3,3,3,2,3,1,2,2,2 
4,3,2,3,2,4,3,3,2,3,4,4 
4,3,2,4,4,3,3,3,2,2,2,2 
3,2,3,3,2,2,3,2,2,3,2,2 
3,2,2,3,3,3,3,2,2,3,3,3 
3,3,2,3,3,3,2,2,1,3,2,3 
2,2,2,3,3,2,3,3,2,3,4,3 
2,2,2,2,2,1,3,2,2,3,2,2 
3,2,2,3,3,3,3,2,2,2,2,3 
3,3,2,3,3,3,3,3,2,3,2,2 
3,2,2,3,3,3,2,2,3,2,2,3 
1,2,1,1,2,3,3,2,2,2,2,2 
2,2,2,1,1,1,3,1,2,1,1,1 
3,3,3,2,3,3,3,3,3,3,3,3 
3,2,3,3,3,3,1,1,4,2,1,1 
3,3,1,2,2,2,3,3,2,3,3,3 
2,1,1,2,2,2,2,2,1,2,2,2 
3,3,2,2,2,2,2,2,2,3,2,3 
3,3,2,2,2,2,3,1,1,2,1,2 
2,2,2,2,2,2,3,3,2,2,2,3 
1,2,1,3,2,3,2,3,1,2,2,1 
1,2,1,2,2,1,1,2,1,2,2,1 
3,2,3,3,3,2,3,3,3,3,3,3 
3,3,2,3,2,3,3,3,2,3,2,3 
2,2,2,3,2,2,3,2,2,2,2,3 
3,1,3,2,1,1,3,2,2,2,2,2 
3,3,3,2,3,2,3,3,3,3,3,3 
2,1,1,1,1,1,2,3,2,2,2,3 
4,2,4,3,2,3,3,2,4,3,3,3 
3,3,2,3,3,3,2,3,1,1,1,2 
2,2,2,2,2,2,2,2,2,2,1,2 
3,2,2,3,2,2,3,2,4,2,3,2 
2,2,2,1,3,2,4,1,1,2,2,2 
2,2,2,2,1,2,1,2,2,2,2,1 
2,2,2,2,2,2,1,1,1,1,1,1 
1,1,1,1,1,1,3,1,2,3,2,2 
2,1,1,3,3,3,2,2,2,3,3,3 
3,3,1,3,2,2,3,2,2,3,2,2 
2,1,1,1,1,1,2,2,1,2,2,2 
2,1,2,2,1,1,2,2,1,2,2,2 
1,3,1,1,1,1,3,1,2,2,1,1 
2,1,2,2,2,2,1,2,2,2,2,2 
2,1,1,1,1,1,2,2,2,2,2,2 
3,1,1,2,2,3,3,3,3,2,2,2 
2,1,2,3,3,3,3,2,2,3,3,3 
3,3,2,2,3,2,2,3,2,2,2,1 
3,2,2,3,3,3,4,3,2,3,3,3 
3,1,2,2,2,2,3,2,2,2,2,2 
3,2,2,3,2,2,2,2,1,2,1,2 
3,2,3,3,3,2,3,1,1,2,2,3 
3,3,3,3,3,3,3,3,3,3,3,3 
3,2,2,3,3,3,3,3,3,3,3,3 
4,4,2,3,4,3,4,1,4,4,3,3 
3,3,2,2,3,3,3,3,3,4,2,3 
3,3,1,1,1,2,2,1,1,2,1,2 
3,3,3,3,2,3,3,3,3,3,3,3 
3,3,3,3,3,3,4,4,3,4,2,3 
2,3,2,1,2,2,3,3,2,2,3,2 
3,1,3,3,2,3,3,3,3,2,2,2 
3,3,2,3,3,3,3,3,3,3,3,3 
3,3,3,2,3,2,3,2,2,2,2,3 
3,3,2,3,1,2,3,3,2,3,2,2 
1,2,1,1,1,2,3,2,2,3,2,3 
3,3,1,1,3,2,3,2,2,2,1,2 
2,2,2,2,2,2,1,2,1,1,1,1 
2,2,2,2,2,2,4,1,3,2,2,2 
3,2,4,4,2,4,2,2,2,3,2,2 
3,3,3,3,3,3,3,2,2,3,3,3 
2,3,2,2,1,1,3,3,2,3,3,3 
3,2,3,3,3,3,3,3,3,3,3,3 
3,3,2,3,3,3,3,3,3,3,3,3 
3,3,3,3,2,2,3,3,3,3,3,3 
3,3,2,2,2,2,3,3,2,3,3,3 
3,2,2,3,2,3,2,2,2,2,2,2 
3,3,3,2,2,2,4,3,3,3,3,3 
2,3,2,2,2,2,2,2,2,2,2,2 
3,3,2,3,3,3,3,3,2,3,2,3 
2,3,2,2,2,2,3,3,2,3,3,3 
2,2,1,2,1,1,2,2,2,3,2,2 
3,3,2,3,3,3,3,3,2,2,2,2 
3,3,2,3,2,2,2,2,2,2,2,2 
2,3,3,2,2,3,3,2,2,3,2,3 
4,1,3,3,3,3,2,2,2,3,3,3 
3,2,2,2,2,2,3,3,2,2,3,2 
3,3,2,2,2,3,3,3,2,3,3,3 
3,3,2,2,2,2,3,3,3,2,2,2 
3,3,2,2,3,3,1,3,2,2,2,2 
1,3,1,1,1,1,2,2,1,1,1,1 
4,4,4,3,1,2,3,3,2,3,3,3 
1,1,1,1,1,1,1,1,1,1,1,1 
3,3,3,2,2,3,3,4,3,3,4,3 
3,3,4,3,3,3,2,3,2,2,2,2 
1,2,1,2,1,2,3,2,2,2,2,3 
4,2,3,4,2,1,2,2,2,2,1,2 
3,1,4,3,1,2,3,3,2,2,1,3 
1,1,2,2,2,2,1,2,1,2,2,2 
2,3,2,1,2,2,3,3,2,3,2,3 
2,1,2,2,1,3,3,3,2,1,1,1 
2,3,4,3,3,2,3,2,3,3,3,3 
3,3,3,3,2,3,3,3,4,4,2,3 
3,3,3,3,3,3,3,3,2,3,3,3 
3,1,1,3,4,3,4,3,1,3,3,3 
2,3,2,2,2,2,3,3,2,2,2,2 
2,2,2,2,2,2,2,1,2,3,1,1 
3,2,3,2,3,3,3,3,3,2,3,3 
2,2,1,2,2,2,2,3,2,3,3,2 
2,2,3,3,2,2,3,3,2,3,3,3 
