Y1,Y2,Y3,Y4,X1,X2,X3,X4,X5,X6,X7,X8,X9,X10,X11,X12,,
-0.23,-0.3,2.16,0.88,0.92,1.28,2.25,0.58,-0.95,-0.27,0.64,-0.58,0.34,-2.16,0.9399999999999999,-0.62 
1.1,1.67,3.67,3.16,0.26,0.27,-1.51,-0.4,-0.29,0.5600000000000001,1.52,-2.28,2.22,-0.7,0.82,2.7 
0.58,-0.5,0.,-1.24,-0.66,-2.44,-1.13,-2.21,-0.58,0.13,-1.99,0.17,2.03,0.72,-8.E-02,1.36 
2.66,2.06,0.54,2.72,1.93,1.02,-0.26,-0.48,-0.1,0.99,0.25,1.08,-1.4,0.13,-0.76,-1.15 
-0.84,0.6899999999999999,-0.24,-3.11,2.27,1.85,-0.17,-0.61,2.27,-0.8,-0.57,0.7,-0.47,4.E-02,0.23,-0.62 
1.4,-0.5600000000000001,-0.99,0.28,0.57,1.39,0.9,-0.29,0.28,1.93,1.13,-0.4,2.37,1.86,-0.75,1.76 
-1.06,-0.26,0.6899999999999999,-1.25,-0.48,0.53,1.67,0.48,-0.66,-2.52,-1.34,-1.82,0.5600000000000001,-1.34,3.3,-0.44 
-0.44,0.75,0.76,1.46,-2.33,0.97,0.42,0.1,0.58,1.39,0.85,1.71,0.41,0.55,3.11,-4.E-02 
2.62,0.71,3.05,2.56,-0.87,-1.72,-4.21,0.19,-0.49,-0.46,0.41,-0.66,0.28,1.56,-0.72,0.5 
3.02,0.57,3.32,3.37,1.04,0.96,3.E-02,1.96,-0.12,1.26,0.65,0.5600000000000001,-0.8100000000000001,0.42,2.44,0.4 
-1.11,-1.43,-3.11,-2.58,-2.18,-2.82,-2.85,-1.44,-3.88,-1.89,0.96,-0.5,-0.32,0.67,2.13,-0.11 
0.42,2.98,-0.48,6.E-02,2.71,1.18,-0.11,0.3,3.18,0.9,0.45,1.6,-0.12,2.53,1.8,0.8100000000000001 
-0.64,-1.16,3.98,3.45,0.5,-1.27,-0.23,-2.47,-2.51,0.5600000000000001,1.53,3.E-02,-3.62,-1.82,0.58,-1.76 
2.58,3.43,-1.19,0.42,1.94,0.72,3.49,0.57,2.22,2.6,2.08,4.86,-2.35,-0.75,-1.86,-2.67 
-0.22,-2.14,-3.64,-1.5,0.52,-0.44,-0.71,1.09,-1.9,-1.32,-3.56,-2.71,0.16,-0.54,-1.48,-1.22 
-1.8,0.9,1.93,0.95,-1.03,0.7,-3.8,1.79,-2.38,-0.83,-1.04,0.72,0.83,1.26,0.73,1.51 
-7.000000000000001E-02,-0.73,-1.23,-1.08,1.09,1.77,-0.5600000000000001,-0.73,1.05,-0.45,-1.25,0.14,-0.92,0.16,0.39,1.05 
0.1,-0.93,0.83,1.89,1.84,2.34,3.32,2.42,0.19,1.71,1.39,2.28,-7.000000000000001E-02,-0.55,-0.21,0.51 
-2.41,-1.39,-1.2,-0.18,-1.16,-0.32,-1.59,-2.58,0.17,2.25,-0.31,-0.18,-0.32,1.3,2.04,0.79 
-0.72,-7.000000000000001E-02,-0.8100000000000001,-1.22,1.62,3.58,0.76,-1.11,2.71,3.98,-0.67,0.77,-0.36,0.52,-1.66,0.5 
-1.82,-0.76,-2.72,-3.31,-1.45,-1.17,-2.58,0.32,-1.21,-2.31,-2.09,8.E-02,2.92,2.82,0.6899999999999999,3.45 
0.77,0.18,-0.89,0.43,-1,-0.75,-1.06,-2.17,-2.31,1.77,-1.3,-2.52,-0.89,-1.05,-3.71,-0.43 
1.52,0.76,0.49,2.82,1.34,3.9,1.1,0.13,1.5,0.97,1.42,0.86,2.18,-2.24,1.71,2.43 
-2.18,0.51,0.64,2.81,-0.44,-1.9,-0.51,-2.99,-1.95,-0.71,-0.8,-5.E-02,0.31,-1.96,-6.E-02,3.8 
-2.12,-2.84,-0.97,-3.85,-3.15,1.13,-0.9399999999999999,-3.2,-0.72,-0.83,0.22,0.35,-1.94,-3.22,-1.31,-1.84 
0.16,-0.51,1.76,1.2,0.83,2.12,0.58,1.29,1.93,0.67,1.55,2.15,-0.33,0.48,1.75,2.57 
1.24,1.95,0.96,-1.69,1.93,2.09,1.25,2.04,3.36,1.79,0.34,2.45,-0.39,-1.45,1.86,-1.97 
5.43,1.26,2.32,2.28,3.32,1.88,3.45,2.47,1.48,2.08,1.46,2.08,2.42,2.14,1.04,-0.72 
-3.42,-0.76,0.78,-2.12,0.3,0.83,-0.58,-0.89,8.E-02,0.16,-0.68,1.56,0.63,1.49,1.18,2 
-0.38,-0.34,1.86,0.89,-2.38,1.49,0.72,-0.19,-1.51,0.7,3.03,-0.52,-0.43,1.92,-1.04,-3.E-02 
-0.42,1.66,-0.27,0.73,2.4,3.98,0.79,0.17,3.55,0.73,0.51,2.47,-0.1,1.18,-0.82,-0.76 
-0.9,2.13,-9.E-02,2.34,0.59,-2.88,-1.11,-0.84,-0.55,-1.12,0.46,-2.44,1.05,-0.96,-1.04,1.06 
-0.17,-0.46,-1.E-02,0.36,-0.17,-0.15,0.8100000000000001,-0.18,1.51,-1.13,0.77,-2.57,-0.72,0.32,-0.57,-2.63 
1.02,2.98,2.51,2.37,2.24,-0.1,-0.1,1.51,3.42,-0.59,0.89,0.4,4.E-02,1.35,-1.99,-0.88 
0.54,1.83,-1.93,1.32,0.85,1.54,1.21,-0.89,0.6,1.08,-0.42,0.78,-0.24,0.32,0.92,-1.29 
2.21,-0.16,1.55,4.32,2.3,1.99,2.64,1.67,1.74,1.8,0.55,0.54,0.77,2.32,2.49,-0.6899999999999999 
2.03,1.07,0.31,1.73,0.88,0.86,2.63,2.35,0.68,1.8,0.5,3.E-02,1.12,1.62,0.16,-0.8100000000000001 
-1.98,-1.61,1.84,0.78,-2.4,-3.45,-4.47,-2.94,-2.66,-1.48,-0.87,-3.57,-1.86,-1.12,-0.43,-1.79 
1.04,0.38,-2.15,-1.52,1.57,-0.42,2.31,2.66,1.75,-1.51,-1.47,-1.83,1.03,0.49,0.17,0.4 
-0.41,0.19,-1.86,-1.64,-0.6899999999999999,1.97,1.81,-1.06,0.52,-0.1,-1.39,-0.19,1.29,0.37,0.35,0.89 
1.04,3.55,2.56,4.34,0.79,2.65,1.63,-0.21,1.94,1.96,2.07,5.27,0.45,-1.17,-2.13,-0.58 
-0.67,-2.23,-4.14,-3.06,0.45,1.72,0.31,0.61,3.E-02,-0.19,2.74,0.6899999999999999,-0.3,-1.19,-1.13,0.28 
-0.12,-1.45,-2.82,-1.76,-0.34,-1.05,-0.3,1.3,-1.15,-0.64,0.,0.13,1.1,2.95,-0.55,-1.36 
3.47,1.E-02,0.84,1.18,-0.77,2.02,0.62,1.25,1.99,3.65,-0.92,1.99,0.45,1.44,-0.52,7.000000000000001E-02 
-1.1,-0.12,1.89,1.57,2.23,-3.E-02,1.18,1.45,-0.46,-9.E-02,-0.46,0.93,-2.38,1.18,-0.64,0.32 
-0.55,0.54,0.27,-1.81,0.11,1.41,-1.39,-3.E-02,-0.44,-0.48,1.57,-1.58,-0.39,-2.17,0.27,-1.55 
2.77,2.44,-0.25,-1.53,0.8,-1.12,1.64,6.E-02,0.99,-0.84,-0.95,-2.09,1.56,0.28,-0.93,-1.73 
0.3,1.13,-0.13,2.45,2.27,1.23,1.01,1.61,4.04,0.23,1.35,0.5,-0.37,-2,-1.59,-0.4 
0.88,-0.27,2.48,2.15,0.66,3.56,-0.85,2.46,0.72,1.18,0.32,3.E-02,-1.59,-1.7,0.63,-1.55 
-1.08,0.58,-1.15,0.23,0.93,-0.78,0.58,-0.18,1.16,-0.23,-0.38,-0.47,-1.84,-0.77,-0.52,1.76 
1.02,-0.34,0.41,2.42,0.17,1.72,2.51,0.38,0.98,-1.E-02,-0.3,1.19,0.82,0.29,-1.03,-1.26 
0.84,0.2,1.88,2.24,0.84,-2.02,1.69,0.76,2.52,-0.18,2.42,0.24,0.,-0.13,4.72,2.54 
-1.76,-0.25,0.34,0.25,-0.12,-2.8,-1.59,1.06,0.8,-1.2,-0.6899999999999999,0.33,-1.78,-0.36,0.67,-4.E-02 
-1.02,-1.29,1.28,-1.59,-1.19,1.13,0.19,-0.52,0.21,-0.46,-0.37,-0.61,1.36,0.58,-0.7,-1.4 
1.06,3.24,-0.86,2.92,0.66,-2.81,-2.46,-1.16,-0.12,-1.19,0.8,-2.44,2.54,2.33,0.49,2.1 
0.29,0.33,0.2,-1.56,-1.59,-2.89,0.5600000000000001,-0.7,0.2,-0.52,0.53,0.78,-0.34,-1.1,1.24,-0.19 
0.76,1.34,2.92,0.96,1.09,1.94,0.13,-0.73,-1.13,0.39,0.1,0.42,-1.41,-3.65,-3.9,-1.36 
1.65,2.12,-0.43,1.65,-0.77,1.94,-1.06,0.31,-1.48,1.23,0.92,-0.25,-0.55,-0.2,-3.85,0.58 
-0.68,1.83,1.01,-1.42,1.27,3.78,-1.81,2.32,0.64,0.95,0.1,-0.95,-1.66,-1.89,0.5,-1.71 
-2.58,0.1,3.E-02,-2.92,0.98,-0.76,0.79,-0.12,-2.38,1.2,1.55,3.4,-0.68,-0.48,-2.3,-0.89 
-1.58,0.41,-2.41,0.47,-0.62,1.74,-1.37,-0.5600000000000001,-0.34,-1.19,-1.E-02,0.21,0.67,-0.18,-0.55,0.36 
0.11,-0.61,-2.69,-1.42,0.25,1.36,-0.65,-1.16,0.89,0.19,-0.1,-2.07,0.97,-0.98,0.72,0.82 
-0.75,2.51,0.76,1.73,0.84,1.31,1.25,-0.24,1.84,2.14,2.41,1.58,-1.E-02,-0.34,-2.76,-0.67 
0.92,0.5,-3.17,-1.93,-1.77,0.,-2.1,-0.38,-1.23,0.65,1.09,0.91,0.13,0.12,-0.16,1.26 
0.18,-0.31,0.18,-1.26,-0.16,1.51,2.65,-0.88,1.81,-0.61,4.E-02,0.45,3.53,0.83,-1.05,2.58 
-2.84,-1.47,-1.21,-2.06,-1.49,0.13,-0.28,-0.85,-2.31,0.55,1.41,0.3,0.18,2.13,3.79,-5.E-02 
1.79,2.01,0.49,3.3,-0.25,1.66,2.34,-8.E-02,0.87,1.81,-1.2,1.49,-1.59,-0.47,-0.52,1.86 
0.86,2.32,4.61,3.36,2.08,0.61,0.59,0.77,2.25,0.53,-1.87,1.21,-0.82,-0.52,1.61,-2.E-02 
6.E-02,0.36,0.12,0.51,-0.82,-1.E-02,-2.13,-3.38,-1.04,-0.53,4.E-02,0.14,-2.73,-0.35,-3.37,-2.23 
-0.82,-1.93,-1.02,0.97,0.1,1.75,-0.83,-0.27,-4.E-02,-0.92,-0.68,1.78,0.62,1.1,-1.46,2.04 
0.21,0.42,-1.95,-2.21,0.49,-0.38,-2.72,0.87,-2.15,-0.2,-0.2,-2.12,-1.2,0.36,-1.73,-0.59 
1.83,0.71,0.5,1.28,1.28,-1.7,0.38,9.E-02,1.48,7.000000000000001E-02,2.E-02,-0.61,1.17,1.19,0.36,1.89 
1.14,0.36,2.12,0.65,0.55,1.47,0.76,-0.95,0.63,0.71,0.39,1.15,2.12,2.33,2.75,1.62 
-0.48,0.2,-2.81,0.76,1.04,-2.08,1.96,0.17,-1.37,1.72,2.01,-1.58,-0.5,1.91,1.34,-1.65 
-0.66,1.37,3.38,3.41,-0.15,0.33,7.000000000000001E-02,-9.E-02,0.26,0.16,1.63,1.67,3.52,4.63,4.63,1.12 
1.15,1.61,3.3,2.54,-0.18,2.77,1.92,0.16,3.04,1.19,0.63,-0.91,-1.82,-1.21,0.59,-0.8100000000000001 
1.69,2.15,0.53,2.97,0.95,1.73,1.19,-0.84,0.35,0.52,0.58,1.23,2.76,-0.1,-1.27,0.23 
-0.1,0.49,-0.29,0.78,1.2,-4.E-02,0.14,1.93,1.12,-1.91,1.02,0.93,-1.32,-0.79,-2.06,-1.69 
1.07,2.53,1.28,1.91,2.52,1.2,3.62,-0.9,2.1,-0.88,0.42,-0.37,-0.74,-0.17,1.88,-1.26 
4.E-02,-0.78,-0.54,2.88,-7.000000000000001E-02,-0.64,1.22,-1.3,2.09,1.5,1.59,1.52,1.05,3.82,-1.03,1.34 
-0.8100000000000001,-1.46,0.15,0.93,-2.11,-0.19,0.13,1.13,2.25,0.91,-0.25,0.45,-0.38,-0.15,-0.44,0.87 
2.84,1,2,3.72,-1.75,-0.1,-1.12,-0.5,0.23,4.E-02,-0.38,-2.38,0.65,1.09,1.03,0.74 
-2.E-02,5.E-02,0.91,-0.74,2.05,1.45,0.23,-1.45,-2.E-02,0.8100000000000001,0.25,3.03,2.86,-1.05,3.32,2.84 
2.68,0.61,1.31,2.58,-0.24,-0.92,-0.3,-3.12,-1.79,0.71,-1.62,2.E-02,1.56,1.55,1.56,1.16 
0.15,0.4,-1.19,-0.32,-1.19,0.6899999999999999,-1.13,-2.69,-6.E-02,-1.27,0.85,-1,2.03,-0.65,0.9399999999999999,0.3 
-0.65,1.41,-0.71,-0.89,-1.12,-2.36,-1.05,0.8100000000000001,-2.66,-2.73,-1.94,0.27,1.87,1.26,-2.69,6.E-02 
1.68,1.38,1.54,1.33,-0.65,1.84,1.1,-2.38,0.23,0.28,0.38,-0.91,0.13,-2.88,-1.23,0.91 
0.47,1.08,0.99,-1.43,-0.64,0.16,7.000000000000001E-02,-1.79,1.3,-1.44,-1.77,0.12,-1.28,2.7,1.88,0.22 
1.48,2.53,-0.27,-2.04,1.2,0.88,0.52,2.E-02,2.2,-0.28,0.88,-0.29,1.79,0.49,4.17,1.31 
-0.46,-2.16,-1.21,-0.8,1.06,0.86,1.07,-0.13,0.2,0.25,2.63,-1.06,-3.25,-0.41,-2.88,-3.28 
-0.12,0.39,2.26,0.17,1.38,5.E-02,-0.44,0.14,-0.89,0.8100000000000001,1.14,2.8,0.18,1.18,1.69,0.25 
0.4,-0.38,-1.27,0.76,0.6,0.28,3.38,2.75,-0.17,-1.3,-0.14,1.91,-1.1,-3.94,-0.36,-2.19 
-0.51,-0.12,0.5,-1.33,2.E-02,-3.48,3.1,4.45,2.39,0.46,-2.87,-0.49,1.27,-0.58,0.85,0.1 
2.04,1.18,1.09,4.08,0.35,4.96,-0.86,1.91,0.61,1.33,2.54,1.57,0.13,-2.49,-1.56,-1.79 
-0.5,-1.11,-1.56,0.7,0.5,-2.E-02,1.01,0.63,-0.64,0.11,0.85,0.6899999999999999,2.31,-1.54,0.77,0.96 
1,0.39,1.6,1.2,0.67,0.97,3.65,-0.59,0.78,-0.8,-3.3,-1.1,-0.26,-0.34,-1.92,0.44 
-0.58,-0.7,-0.54,1.67,0.25,0.55,-1.03,1.19,3.15,1.54,1.9,1.31,0.78,0.23,2.06,0.86 
2.06,0.89,-0.77,1.56,1.55,-1.15,2.15,1.76,0.55,1.09,0.8,0.47,1.1,3.75,1.36,-0.28 
-2.4,-0.73,1.54,-4.22,2.36,1.02,1.48,2.56,1.73,-0.93,-1.06,-0.99,-3.01,-2.87,0.3,-0.15 
-3.E-02,0.16,-2.31,-3.44,0.8,0.85,-0.55,0.2,0.87,0.29,0.31,2.28,-1.41,-1.11,2.15,-0.91 
1.56,1.15,-0.12,-0.76,0.9,-0.15,0.99,2.35,1.7,0.3,0.24,2.3,5.E-02,1.27,0.52,-1.28 
0.33,1.32,1.91,0.59,1.13,0.37,-0.54,0.54,-2.38,-1.3,1.72,-0.99,0.3,1.63,-0.5600000000000001,1.53 
-0.45,-1.14,-1.35,-1.14,-0.54,0.5,-1.74,-0.57,-0.27,0.23,-2.05,-2.66,-1.77,-2.25,-2.38,-4.45 
-4.04,-3.25,-1.55,-0.54,-0.46,-1.21,-1.32,-3.82,-3.96,-1.59,-0.73,-1.37,0.11,0.1,-7.000000000000001E-02,0.39 
0.87,-1.E-02,1.02,0.76,0.5,-2.E-02,-2.78,1.18,-0.57,0.87,0.97,-0.17,0.9399999999999999,3.E-02,-0.93,-0.31 
-1.21,-1.34,-4.04,-2.06,0.33,-2.13,0.37,-2.03,3.E-02,1.4,-1.06,1.6,-1.82,0.23,-3.E-02,-1.66 
0.63,1.23,-0.71,-1.56,-1.11,-1.04,-1.36,-0.59,-1.57,-1.74,0.31,6.E-02,3.01,1.77,5.08,-0.36 
-2.33,-1.28,-1.24,1.81,-0.49,2.21,-0.66,1.16,0.5600000000000001,-0.41,-0.98,-0.27,0.74,-3.05,-2.09,0.54 
1.63,1.37,3.08,-1.73,-1.09,2.4,1.6,0.5,1.14,-0.42,0.71,9.E-02,1.33,-0.24,2.3,2.06 
-0.26,-1.65,-0.46,-0.86,0.89,-1.11,1.1,-1.79,-4.E-02,0.46,1.39,-0.15,1.47,-1.22,0.79,-0.38 
-5.E-02,1.95,1.93,-1.34,1.56,-0.49,0.38,-1.31,-0.36,-0.64,-1.68,-6.E-02,-1.19,0.72,-1.16,1.3 
-1.77,-3.69,-3.69,-0.29,-3.53,0.83,-2.47,-2.42,-2.06,0.26,-0.54,-1.55,1.E-02,0.42,0.36,0.98 
-2.96,-2.59,-3.82,-4.05,-3.24,-2.04,-0.91,-2,-4.11,-2.52,-1.41,-2.26,-0.84,6.E-02,-6.E-02,-1.4 
1.34,2.22,-0.92,-0.27,-0.39,0.13,3.45,1.44,1.48,-1.82,-1.48,-0.22,2.33,0.21,-1.14,0.28 
-2.56,-1.5,-1.88,-1.76,-0.45,1.91,-2.55,-1.95,-0.84,-0.28,-1.21,0.24,8.E-02,-1.1,-3.3,-1.15 
-0.76,-0.46,0.83,0.37,-1.71,-0.37,1.8,2.38,-0.99,0.9399999999999999,2,1.37,0.53,0.13,1.9,1.47 
3.18,0.82,-0.41,0.7,-1.5,-1.33,1.44,-0.19,1.68,-1.33,0.14,-0.23,0.15,1.05,0.27,3.E-02 
-2.21,-0.64,-0.75,-0.77,-1.36,-2.22,-1.13,-3.08,-1.6,-0.63,-0.8,1.12,0.5,1.93,-1.76,-1.04 
1.74,-0.3,1.03,-0.15,1.57,-0.51,-0.38,1.33,0.83,0.75,-0.47,0.82,-0.88,1.19,-0.9399999999999999,-1.09 
-0.42,-2.79,-3.16,0.49,2.26,2.46,3.46,1.14,0.49,-0.26,-0.65,0.84,-1.51,-0.79,2.67,0.51 
-1.3,-0.45,3.51,3.02,1.63,-1.89,1.E-02,1.55,2.29,-1.78,-1.41,1.13,-0.33,-1.31,-2.28,1.25 
-0.61,0.61,0.48,2.33,-4.E-02,0.18,2.31,1.18,1.2,0.74,2.76,1.57,4.E-02,1.73,0.1,3.16 
1.52,2.26,2.58,0.33,2.71,2.13,2.5,1.87,0.65,0.41,2.09,0.54,-1.84,2.56,-0.58,-1.21 
1.3,1.3,0.46,1.63,1.59,-0.7,0.61,1.32,2.99,1,-1.05,2.53,-0.48,1.83,0.5600000000000001,0.79 
-0.78,1.8,-2.51,-5.E-02,-0.71,0.92,-0.3,-1.66,1.22,-0.46,0.99,0.19,7.000000000000001E-02,-1.08,-0.83,0.29 
1.03,0.31,-0.24,-1.74,0.46,0.16,0.99,-1.86,0.12,-0.15,-0.16,-0.23,0.8,2.72,0.28,1.5 
-1.19,0.38,-2.29,-1.69,-0.86,1.25,0.5600000000000001,-0.44,-0.97,-0.22,1.85,0.62,2.21,1.48,2.9,2.66 
0.25,-0.23,0.38,0.9399999999999999,-0.51,-1.18,-4.14,-0.42,-1.67,-1.03,-0.26,-0.13,1.15,0.19,0.13,0.64 
0.71,0.77,1.59,-0.28,0.7,-0.41,-1.62,0.49,-1.41,-0.31,-0.77,-1.4,1.4,2.01,1.19,-1.21 
-6.E-02,0.11,1.38,-0.79,1.61,0.21,0.6899999999999999,4.26,-0.64,-0.31,1.73,3.11,0.64,-0.67,-0.83,0.5 
2.35,0.14,-0.55,1.27,1.34,0.13,2.97,-0.45,-0.33,-0.49,-0.43,0.15,0.29,-0.98,-2,-0.62 
3.E-02,0.11,-3.62,-2.93,-2,1.05,-1.2,-0.72,-0.83,1.35,-0.47,-0.1,-0.5,-0.91,-0.26,0.66 
0.28,-0.97,-1.06,-1.5,0.68,1.34,2.39,1.52,1.53,-1.83,-2.01,-0.23,-2.21,-1.37,0.22,-1.26 
-2.32,7.000000000000001E-02,1.91,-5.E-02,0.2,-3.97,-2.23,-1.86,-2.18,0.34,-2.14,-2.14,1.26,1.59,-1.1,-2.01 
3.25,2.24,0.36,1.31,-1.31,1.51,1.51,-0.77,-0.54,1.59,1.44,2.18,1.12,-1.74,-1.11,-0.54 
-3.93,-3.27,-1.38,-0.29,-1.45,1.93,-2.96,0.,-0.99,-0.92,-3.09,-0.43,0.,-0.28,2,-0.82 
-1.09,0.71,1.45,-3.27,-0.96,-0.71,0.35,-0.61,-2.42,-0.67,2.33,-2.23,2.39,2.09,1.15,0.83 
-1.86,-0.57,1.93,0.13,-2.64,-2.02,-0.52,-2.54,-1.15,-1.75,-1.61,-0.85,-0.12,-1.27,0.49,-0.75 
3.29,2.54,1.21,-1.25,3.21,0.79,-0.77,0.58,3.23,0.44,2.29,1.52,2.02,2.93,0.4,0.41 
-1.64,-2.12,-3.51,-1.87,-2.59,-3.49,-2.31,1.07,-1.83,-3.51,-0.9,-1.23,-1.09,-1.65,-2.7,-0.29 
2.28,-3.E-02,-3.07,-0.21,0.41,0.96,-0.32,-0.68,-1.33,1.45,-0.29,-0.22,-0.1,3.51,-0.78,0.13 
-0.19,0.57,-3.32,-2.46,-2.14,-0.85,-1.72,0.35,0.4,-0.9399999999999999,3.07,-0.84,-0.96,-4.E-02,-0.8,-1.78 
2.07,2.48,0.53,2.21,-2.47,-2.61,1.92,0.33,0.55,-1.01,-0.63,0.42,1.64,1.6,-0.39,4.03 
0.97,1.04,5.E-02,1.23,2.85,1.62,3.22,2.99,3.69,1.93,0.73,0.11,-0.36,-0.22,3.29,0.86 
0.29,0.52,0.84,0.85,-0.21,2.89,1.12,1.83,1.15,-0.96,-3.E-02,0.88,-1,-2.03,-4.14,-2.72 
2.33,0.8100000000000001,0.6,0.62,0.67,1.35,4.36,3.16,2.3,0.86,1.8,2.4,-0.44,-1.78,-0.9399999999999999,-1.12 
-1.95,-1.49,2.53,-1.79,-3.38,-2.81,-0.28,-3.79,-1.21,-2.06,-0.51,-2.85,0.99,2.85,0.51,-1.56 
-3.57,0.43,-1.89,-3.42,-0.31,-1.63,-5.74,-2.43,-2.89,-1.32,-1.37,-0.27,-2.11,0.29,-1.09,-1.11 
-1.61,-1.36,-2.64,-2.79,-2.75,-4.04,-1.44,-1.89,-2.14,-2.18,-1.47,-2.83,-0.76,-1.82,-0.42,0.3 
0.82,0.,0.38,1,0.92,-0.96,-1.31,1.2,-0.14,-1.25,-0.71,0.65,-1.56,0.38,0.46,0.68 
-0.18,0.7,0.7,1.68,2.E-02,1.35,3.02,0.77,1.92,1.38,-0.29,0.79,0.82,3.14,1.1,0.12 
-1.78,-3.52,0.87,0.57,2.E-02,-1.67,2.71,-0.74,-1.82,0.14,-0.33,-0.65,-0.83,-0.48,0.71,-1.21 
0.6,-1.81,1.02,-0.93,-1.6,0.21,-2.15,1.11,-1.57,-1.04,5.E-02,-1.44,-1.58,-0.76,-1.05,-2.09 
3.21,2.1,2.65,-1.81,1.95,0.42,0.71,1.08,2.2,-1.57,1.17,-0.32,0.44,0.52,-0.32,-1.32 
-2.29,-1.43,0.73,-0.5,1.62,1.43,-0.65,0.22,-0.88,0.53,0.8100000000000001,0.8100000000000001,-1.16,0.53,1.74,-0.34 
1.53,0.86,-0.57,-3.23,0.34,-6.E-02,-0.51,-0.28,-1.62,0.14,1.38,-0.71,-0.16,0.57,-0.42,-1.24 
0.9,-0.59,1.26,-1.07,-1.54,1.18,-1.09,-1.74,-1.57,0.97,-1.89,-2.64,0.61,-8.E-02,-0.16,-1.63 
-1.39,-0.29,-0.42,-3.21,0.17,-7.000000000000001E-02,2.6,1.18,1.05,-1.71,-0.75,0.19,-0.97,-1.69,-0.5600000000000001,-2.1 
0.64,1.09,0.57,-1.23,-2.07,-4.E-02,-0.38,-4.39,-0.78,-1.19,-1.68,-3.96,0.96,-0.22,1.01,-0.67 
-0.43,1.39,0.55,1.51,0.75,0.22,-0.48,1.43,0.47,1.23,2.35,1.65,-0.35,1.02,-2.39,0.65 
-2.25,-2.E-02,1.98,2.48,-0.21,0.97,-1.31,0.91,-0.73,2.38,1.43,-2.11,3.49,4.9,-4.E-02,0.98 
3.93,3.96,1.63,2.34,2.6,-1.25,-0.55,-1.53,1.66,0.6,-0.59,1.21,1.09,0.76,-0.32,1.62 
-1.96,-0.41,1.24,0.87,-0.28,-1.05,0.85,-1.3,0.18,-2.85,-1.3,1.91,-1,1.93,0.84,0.6899999999999999 
2.22,1.24,2.56,0.6899999999999999,-1.13,-2.85,0.89,-1.44,-0.67,-0.77,-0.28,0.96,-0.67,0.22,1.39,0.7 
-0.37,0.2,-2.77,-2.31,-0.71,-0.41,0.48,0.47,-0.22,-0.13,0.6,0.82,1.54,-0.59,-0.1,-0.43 
-2.88,-4.16,-2.E-02,1.68,-0.75,5.E-02,-1.94,-1.46,1.E-02,-0.78,-3.2,-3.49,-0.55,1.1,-0.55,-0.93 
4.3,2.25,1.3,0.75,0.49,0.44,1.72,-9.E-02,1.83,0.13,-0.73,-0.3,1.56,0.53,5.E-02,1.7 
-2.38,-0.67,-0.65,0.92,-1.43,-2.4,-0.8,-1.38,0.65,-2.45,1.05,-1.59,2.42,3.15,-1.51,0.2 
-1.74,-2.72,-0.5,-1.03,-1.32,-0.29,-0.74,-1.54,-1.54,-1.49,-2.46,-2.01,0.44,1.93,2.68,-1.87 
-1.14,-1.58,0.67,0.24,-3.47,-0.84,-1.25,-1.59,-1.69,-0.5600000000000001,-0.45,-0.88,0.93,1.56,2.74,0.36 
-2.23,-1.76,1.6,-2.87,-0.21,-0.46,-0.33,1.64,0.83,-0.45,-1.43,1.17,4.E-02,0.44,1.16,-0.16 
-1.37,-2.48,0.33,6.E-02,-0.52,-0.59,-0.1,-0.71,-0.72,-0.88,-6.E-02,-2.81,-2,-0.9,-2.74,-0.58 
1.29,0.74,-0.8,-0.23,1.01,0.58,-0.6899999999999999,6.E-02,0.13,0.99,-1.15,2.51,-1.61,-2.19,-1.38,-0.77 
0.92,2.44,2.69,1.7,1.67,0.28,-0.61,2.87,1.16,0.63,1.11,2.42,0.97,-1.36,0.44,-1.06 
0.75,0.33,1.3,0.5600000000000001,-0.3,-8.E-02,-2.3,-1.34,-1.66,1.01,2.95,2.06,1.21,1.34,1.59,1.37 
-0.5600000000000001,-0.4,-1.39,-0.51,0.35,0.92,1.65,-0.12,1.44,0.63,3.E-02,1.03,0.2,4.63,2.36,1.93 
0.38,3.6,3.03,2.14,2.15,-1.32,-4.E-02,-0.61,0.92,0.83,1.15,-0.19,0.96,-0.23,1.57,1.84 
0.48,-2.52,0.35,-2.53,-0.88,-1.7,-0.8100000000000001,0.24,-1.3,-0.71,-0.18,-1.26,-1.66,-0.39,0.61,-1.44 
-0.5,-1.57,-2.3,-0.35,-1.24,1.59,-0.64,1.69,-1.46,1.19,-1,0.64,-0.46,-2.48,-0.25,0.38 
-1.41,-2.41,-3.2,-1.36,0.14,-1.E-02,5.E-02,-0.12,1.51,0.19,2.1,-1.18,-0.8100000000000001,-1.83,-2.39,-0.17 
1.58,1.3,0.9399999999999999,-0.41,2.02,3.2,-0.46,0.4,-0.89,2.3,1.17,0.43,-0.61,-0.96,0.27,-0.24 
-0.84,-1.84,-1.11,1.23,3.74,0.39,1.07,2.01,1.14,-1.03,-0.34,2.47,-1.02,-0.68,-1.63,-2.11 
-0.77,-0.72,-3.1,-1.17,-0.34,-1.69,0.82,0.75,1.25,-0.3,-0.15,-1.07,0.91,0.1,0.45,0.12 
-2.6,-2.65,-3.41,-2.3,-0.11,-0.76,1.92,-0.5,-2.41,-1.44,-0.66,-3.81,-1.11,-2.08,-0.92,-1.04 
0.85,-0.83,-1.77,0.87,-0.78,-1.22,-2.39,0.61,1.09,1.25,2.64,0.38,0.87,1.34,0.61,3.38 
-0.39,-5.E-02,1.76,4.69,0.9,1.44,1.97,-6.E-02,1.3,-0.4,-3.15,-1.71,-2.06,1.42,-1.74,0.29 
3.05,3.61,2.11,2.19,1.74,-0.6,0.45,0.77,0.6,-9.E-02,2.88,0.11,2.08,2.91,1.46,0.31 
2.25,0.8,1.51,2.68,-0.26,1.2,0.82,1.63,2.43,0.89,2.63,0.1,-1.37,-1.14,-2.04,0.44 
-1.42,-2.21,-1.91,1.66,-1.82,1.97,-2.9,-1.81,-1.97,-2.2,-1.99,-0.23,-1.45,-1.43,-0.6899999999999999,-1.77 
0.23,2.07,3.9,3.85,1.83,0.38,-0.29,1.31,-1.22,-0.32,1.45,0.91,2.34,0.54,2.26,3.24 
-1.4,0.57,-4.2,-1.61,1.27,-0.45,1.93,0.34,1.11,1.36,0.87,1.62,0.24,0.13,0.9399999999999999,-0.82 
-0.26,7.000000000000001E-02,0.44,2.87,0.95,0.87,3.49,0.52,0.18,1.01,-1.06,-0.21,1.56,3.51,-0.42,1.52 
-0.63,-0.72,-0.31,-0.87,0.61,-0.24,-0.29,0.38,9.E-02,-2.1,0.16,2.07,-0.13,-1.82,-1.83,-1.06 
0.6,1.13,2.55,-0.15,2.15,3.28,1.46,1.63,-1.07,-2.98,0.44,1.23,-0.13,0.75,0.23,-0.13 
-0.61,0.61,-1.27,-1.01,0.8,-1.48,-0.6,-0.32,-0.91,-3.12,-2.76,-2.65,0.9399999999999999,-2.02,-1.18,1.08 
2.44,2.35,1.33,0.3,-0.61,-0.59,1.79,-0.48,-0.13,-0.13,-0.51,-1.01,-0.2,0.64,-1.E-02,-0.86 
-2.72,-0.27,-6.49,-1.5,-1.53,-2.64,-0.59,-3.06,0.32,-1.97,-0.15,-2.98,-2.41,-1.5,-1.14,-0.93 
0.68,1.34,1.49,-1.05,2.95,0.57,1.14,1.44,0.17,0.11,-0.63,0.76,2.33,1.37,-0.44,1.72 
-1.83,-0.73,-1.95,-2.88,-1.56,-1.87,-1.71,-0.31,-1.8,-1.78,-1.31,-2.29,-1.15,-2.28,-1.36,-1.99 
-0.53,-1.43,-1.54,2.78,-0.39,1.69,-2.42,0.41,-0.46,-0.61,-0.5600000000000001,-1.67,-1.26,-0.95,-1.46,-2.73 
-2.53,-3.73,0.1,-1.22,-0.38,-0.66,0.7,-0.2,-0.84,-1.56,1.09,-1.2,-3.07,-0.5,1.31,-2.81 
1.43,1.32,1.38,-0.65,2.61,-0.3,-0.24,1.99,1.31,0.9399999999999999,-0.8100000000000001,-0.65,0.85,2.3,2.27,0.6 
0.79,0.42,-3.E-02,1.43,1.45,-0.53,0.91,1.67,1.68,1.59,-0.65,1.59,0.47,1.18,-2.58,-1.67 
-0.31,0.98,1,-1.41,-2.05,-1.71,-1.21,-5.58,-1.54,-2.34,-0.78,-0.6,1.58,3.51,0.37,1.72 
-2.14,-1.12,-4.22,0.76,-0.9399999999999999,-1.36,-1.07,-1.91,0.27,-1.9,0.8,-0.54,1.03,0.84,-0.1,0.36 
-0.35,-0.77,2.55,-0.59,-1.28,-2.55,-0.63,-3.04,-1.56,-1.92,-3.1,-2.06,1.33,-0.33,2.06,1.37 
-4.E-02,1.94,0.47,1.13,1,-0.73,-0.12,1.41,0.12,0.46,2.49,2.12,0.41,-0.37,0.2,0.64 
-0.73,-1.24,0.63,0.4,-0.88,-1.32,-1.42,2.E-02,-0.99,-0.91,-2.42,-0.66,2.48,1.06,-0.36,2.25 
1.39,1.44,-0.7,1.4,-0.37,-0.55,-1.87,0.59,-1.37,0.17,-0.75,-0.22,3.71,2.71,1.81,2.73 
3.52,3.08,6.94,3.48,-0.54,-1.11,-0.79,2.08,-0.5,0.8100000000000001,1.26,1.49,-1.42,0.37,0.42,0.11 
0.17,1.01,-0.21,3.52,-2.33,-4.44,-2.43,-4.09,-2.18,-4.E-02,0.25,-0.3,0.84,0.98,2.03,0.8 
-2.13,-1.63,-1.83,-2.89,-1.96,-0.5600000000000001,-0.68,-0.77,-0.52,0.79,1.64,-0.76,-1.31,0.82,-1.36,-1.34 
0.66,0.43,2.53,-0.87,0.13,0.48,-2.07,-2.09,1.32,0.12,-0.62,-0.14,3.35,-2.15,0.67,9.E-02 
-1.51,0.24,-1.87,-2.16,-0.39,1.48,-0.75,5.E-02,-2.77,-0.45,0.99,0.44,-0.91,0.6899999999999999,-1.07,1.11 
-1.63,-1.89,-1.19,-1.42,1.47,-2.79,-0.9,0.3,0.37,0.8,0.68,-1.97,-0.44,-1.13,-0.8,1.12 
-0.82,-1.4,0.15,-0.16,-0.91,3.67,1.79,0.4,-5.E-02,1.08,1.82,2.03,-0.21,1.91,0.24,-1.22 
-2.06,0.43,-0.25,-1.56,-1.95,-1.5,0.42,2.E-02,0.16,-0.9,0.72,-0.85,-0.14,-1.18,0.43,0.16 
1.66,1.86,3.33,4.65,-0.63,0.24,0.63,1.87,0.64,-0.32,0.42,1.67,-0.9,-0.28,-0.57,1.04 
-1.68,8.E-02,-0.82,-1.76,1.14,-0.45,0.27,0.8,0.55,-1.76,-0.84,0.13,-1.26,-0.73,-2.76,0.34 
-1.12,-8.E-02,0.58,-1.96,-1.13,1.39,-0.34,0.17,1.23,-0.71,0.31,-0.58,1.72,1.55,1.2,0.39 
0.19,-2.27,-1.96,0.63,-2.42,0.14,-0.91,-0.32,-7.000000000000001E-02,-9.E-02,0.,0.96,-0.47,-1.89,1.05,-0.51 
2.36,2.24,2.7,2.26,0.42,-2.92,0.58,-0.16,-0.5,1.12,-0.14,1.35,3.63,2.92,2.7,4.12 
0.89,0.58,-1.54,-0.6,0.41,1.32,-1.03,-1.24,1.02,1.85,-2.E-02,0.64,0.84,0.91,-1.32,1.27 
1.85,2.71,2.92,1.13,3.53,2.31,0.8,0.47,-0.91,1.49,0.61,-1.16,1.32,0.8100000000000001,-0.77,-0.52 
-1.58,-2.41,-4.6,-3.22,-1.04,-2.31,-3.92,-2.57,-1.48,-7.000000000000001E-02,-0.99,0.4,-0.9399999999999999,-1.47,1.51,-2.7 
0.34,1.07,-0.12,2.93,0.53,9.E-02,-1.27,-0.59,-1.57,0.67,-1.61,0.83,-1.53,-0.13,-0.52,-2.4 
-0.68,-1.61,1.4,0.78,-0.45,0.28,1.31,2.7,1.69,0.15,-1.25,3.11,0.37,-0.49,1.18,0.74 
1.11,2.6,-1.94,-1.08,0.72,2.06,1.18,0.8,1.25,3.35,-0.28,3.33,-2.06,0.74,-0.28,-1.54 
-1.45,-3.17,-0.67,-0.18,-2.16,-1.76,-1.91,-3.24,-0.46,-0.72,-2.28,-1.7,9.E-02,0.26,1.82,-1.19 
-2.19,-1.48,-1.74,-4.88,-1.79,-0.22,-4.29,-1.37,-0.91,-0.51,0.74,-0.41,0.31,0.53,-3.76,-1.7 
-2,-0.7,-1.56,0.24,-0.86,1.21,-0.7,2.73,0.76,-1.68,4.E-02,-0.39,0.46,1.87,-1.26,1.2 
-1.92,-2.69,1.04,-0.72,-0.87,-0.58,-0.58,-1.45,-0.26,1.E-02,-1.46,-1.56,0.77,-1.28,-1.91,-0.8100000000000001 
0.8,1.49,2.4,1.31,-1,0.98,-0.83,-0.19,-1.51,0.78,-1.23,0.98,-1.52,-2.25,-2.66,-1.42 
2.6,0.71,0.5600000000000001,-0.43,-0.48,0.18,0.51,0.78,0.44,0.19,-0.5,0.27,1.7,2.19,2.32,-0.1 
-0.33,0.2,-0.93,1.06,3.E-02,-1.05,-1.E-02,2.44,0.91,0.9,1.19,3.25,0.32,-1.67,-1.5,-2.E-02 
2.99,3.52,2.56,0.97,-2.11,0.47,-2.37,-1.1,-2.45,-0.87,2.07,-2.75,3.66,0.92,0.65,4.02 
0.51,0.96,2.86,3.25,-0.24,0.13,0.13,-2.3,-4.49,-0.42,-0.44,-0.79,1.84,1.42,2.31,1.33 
1.18,0.76,0.28,-0.44,1.08,1.19,1.29,2.56,-1.65,2.44,1.09,0.18,-1.15,-0.95,-0.32,-0.6899999999999999 
-2.64,-2.24,-4.22,-5.91,-0.42,1.56,-0.14,-4.E-02,0.99,0.78,1.75,-0.37,-2.35,0.15,0.25,0.95 
1.46,0.99,2.78,3.6,0.,-4.E-02,-0.37,0.45,-9.E-02,0.15,5.E-02,2.E-02,2.62,1.13,2.74,1.61 
1.91,1.38,-0.49,1.41,0.39,-6.E-02,1.55,1.47,-1.06,0.75,-0.4,2.67,-0.49,0.16,-0.78,-1.04 
-0.98,0.1,-1.5,-1.37,1.33,0.5,1.66,-0.62,2.4,0.5,0.2,3.85,-0.63,2.11,8.E-02,-2.36 
-1.07,-1.67,-2.75,-1.72,-1.69,-3.25,1.27,-0.91,0.31,-1.35,1.15,-0.22,-0.68,-0.99,-3.21,-0.39 
1.98,1.52,3.65,4.14,-1.04,0.55,-7.000000000000001E-02,-1.51,0.67,-0.63,-0.93,-0.39,0.43,1.38,5.67,1.62 
-0.91,-1.2,0.5600000000000001,-0.34,-8.E-02,0.58,-1.86,-2.19,2.48,-0.98,-1.35,-0.28,0.4,-0.63,-2.13,-1.25 
8.E-02,1.46,1.59,4.34,-0.12,2.74,-0.48,-1.14,-0.24,-1.62,-7.000000000000001E-02,-0.97,0.4,1.33,2.57,0.67 
0.86,-0.1,-0.49,1.16,0.8,-1.76,2.66,-0.23,0.58,-0.53,-0.28,0.27,-0.99,-2.27,1.62,-0.4 
-1.99,-1.19,-0.36,0.75,0.89,2.72,3.97,0.28,1.71,1.49,3.45,0.93,-1.11,-1.74,-2.65,-0.85 
0.47,0.39,4.E-02,-1.61,-0.29,0.45,-0.97,2.22,0.38,-0.6899999999999999,1.1,-0.32,0.19,1.48,-0.21,0.27 
7.000000000000001E-02,-0.31,2.68,3.69,0.43,1.7,2.33,-1.92,1.46,0.76,2.1,1.39,-1.59,0.2,-0.21,-1.9 
-0.5600000000000001,-0.5,2.17,-1.39,-0.46,-1.2,5.E-02,-0.71,-7.000000000000001E-02,4.E-02,0.91,1.73,1.34,-0.78,0.24,-0.88 
-2.74,-2.83,-2.2,-4.14,-0.12,-1.54,-1.22,-0.2,-1.07,-0.11,-0.47,0.29,-1.28,-2.32,-0.5600000000000001,1.65 
-0.46,0.71,-4.25,-2.85,0.75,0.83,-2.12,0.53,0.1,-0.51,-0.4,1.57,-0.76,1.36,-2.11,-2.08 
0.19,-0.3,2.61,0.91,0.8100000000000001,1.05,-1.57,1.33,1.44,0.19,0.75,0.12,-1.66,1.54,2.05,-0.85 
1.33,0.98,-0.13,-0.6899999999999999,2.06,0.71,-0.71,-0.36,-1.E-02,0.4,0.52,8.E-02,-1.E-02,-0.57,1.03,1.74 
2.11,1.02,-0.95,3.47,1.6,-0.55,-0.55,1.85,0.28,0.95,-0.26,-0.99,0.42,0.7,-0.3,0.12 
-1.36,-2.11,1.56,0.13,-0.86,-0.4,0.85,1.59,-3.E-02,7.000000000000001E-02,-1.21,0.28,0.66,-2.52,-1.77,0.42 
-3.11,-2.33,0.23,-3.18,0.5600000000000001,-0.44,1.62,-2.4,-0.59,-1.19,-2.37,-5.09,-2.21,-1.19,-0.36,-3.37 
1.22,-1.71,-0.9399999999999999,1.37,-0.3,-0.35,-1.05,-2.51,-1.39,0.34,-1.24,-1.74,-0.2,-1.6,-4.38,0.68 
0.24,0.83,0.12,0.79,0.63,2.75,-1.06,0.67,-0.23,3.62,-0.4,0.63,-0.8100000000000001,0.51,0.93,0.54 
0.21,-1.54,-0.2,-1.51,-2.78,-0.33,-1.55,0.87,-0.66,7.000000000000001E-02,0.19,1.26,0.53,0.99,0.18,-0.36 
0.37,2.12,2.61,2.86,0.79,0.84,-1.74,-1.46,1.44,1.82,-0.71,2.16,0.43,-2.47,-1.69,2.06 
0.53,0.18,-1.58,0.65,0.41,3.22,1.3,-0.65,1.84,-0.98,-1.89,-2.04,2.93,2.49,1.71,0.22 
0.16,-1.09,-0.65,-2.97,-0.28,-2.35,-1.11,2.19,-1.56,-1.13,-2.67,-1.2,0.32,1.2,1.52,-0.43 
0.91,-0.3,-2.07,-1.66,-0.19,-2.36,0.73,-1.1,-0.39,-2.08,-0.61,-0.98,1.13,-2.87,-0.11,-0.5 
2.19,1.93,-0.21,2.74,-0.5600000000000001,0.46,2.49,2.72,1.89,0.83,0.18,0.11,1.21,-1.43,-1.19,1.84 
-4.15,-0.52,-3.27,-1.06,-0.9399999999999999,-2.12,-2.79,-0.38,-1.23,-1.36,-0.5600000000000001,-1.3,1.05,1.9,-0.26,-2.02 
-2.77,-0.86,0.24,-2.64,0.32,0.8100000000000001,-0.25,-1.28,-1.07,-1.51,0.34,-0.38,-2.5,0.55,-1.39,0.45 
3.33,2.83,1.49,2.06,0.46,1.78,7.000000000000001E-02,3.46,-0.85,2.01,1.24,-0.52,-1.76,1.05,0.51,-0.43 
2.46,3.21,0.72,-1.24,1.52,0.41,0.73,-5.E-02,0.79,1.53,-0.77,2.26,0.35,1.56,2.06,1.78 
-2.44,-0.82,-5.41,-4.68,-1.25,-1.59,-2.01,0.93,-0.27,0.27,0.73,-1.49,-0.46,0.75,1.1,0.14 
2.79,2.49,2.2,1.59,2.97,0.26,-5.E-02,2.05,0.23,1.62,3.49,1.46,-1.16,-0.51,2.02,8.E-02 
0.22,0.8,-9.E-02,-1.98,-0.57,1.82,1.86,2.E-02,-0.33,-0.32,-0.79,-1.48,0.31,0.87,-0.57,-2.32 
0.9399999999999999,1.58,0.52,-0.16,-0.85,1.6,-1.82,-0.99,-0.29,1.09,-0.96,0.5600000000000001,-1.25,-3.27,-0.55,-0.8100000000000001 
-1.02,-0.1,2.06,2.39,0.24,1.02,-0.9399999999999999,0.85,2.78,0.85,0.51,0.75,-3.68,-1.66,0.92,-1.88 
1.27,2.28,3.63,3.34,2.11,1.11,0.16,2.68,2.87,-0.3,0.9,-1,2.7,1.1,-2.29,0.35 
4.E-02,-1.68,-0.22,1.64,1.89,1.88,2.83,1.4,-0.52,0.18,-0.7,0.59,-1.01,-2.45,-1.65,-1.31 
-0.15,0.99,-1.29,-2.79,1.32,0.52,-0.24,-1.17,-0.97,-0.12,7.000000000000001E-02,-0.6899999999999999,-1.2,-2.9,-0.39,-0.92 
0.36,0.25,-1.15,-1.53,-0.14,2,0.41,-1.83,-1.85,2.49,1.31,2.11,0.43,-1.9,-2.27,-0.78 
0.73,1.2,3.58,1.64,0.83,0.46,-0.1,0.64,-0.55,0.35,2.09,1.43,0.88,1.01,2.29,0.85 
1.58,2.72,0.98,-1.52,3.24,2.73,2.73,2.52,2.17,0.82,2.76,2.89,0.9399999999999999,-0.62,1.21,0.34 
0.31,-1.04,2.82,-1.14,-0.97,2.36,0.58,-0.28,-1.98,-7.000000000000001E-02,-1.16,1.31,0.8,4.5,2.06,1.66 
-1.01,0.42,0.48,0.55,-1.92,-0.7,-2.1,0.3,-0.19,-1.66,0.2,8.E-02,1.09,-0.98,0.46,0.58 
-7.000000000000001E-02,-0.19,0.7,1.8,-0.95,-2.66,4.02,0.14,-1.5,0.18,-0.55,2.59,-0.77,1.26,3.26,0.14 
-0.16,-0.2,-1.82,-3.72,1.36,1,0.71,0.12,0.64,-2.06,-0.11,0.59,-2.73,-2.23,-2.43,-1.03 
0.4,0.63,0.14,-0.19,-1.38,-4.E-02,1.79,-0.23,-1.01,1.41,1.05,2.8,1.22,-2.05,-0.59,-1.29 
-1.87,1.79,-1.5,-0.36,1.39,-0.74,-0.29,1.71,-4.E-02,1.39,-1.11,-1.28,-3.2,-0.62,-1.4,3.E-02 
1.01,0.96,0.89,-2.4,-0.1,1.56,1.56,-1.78,0.62,-1.03,0.35,-0.99,1.12,1.76,0.97,1.14 
-1.52,-1,0.71,-1.24,-0.92,-1.94,-0.92,1.04,-1.47,-0.24,1.94,-1.28,0.12,0.47,1.3,1.24 
-1.43,-1.27,-1.72,-0.8,-0.77,-0.54,-3.18,-1.24,-0.59,0.48,-1.67,-6.E-02,-1.63,-0.39,-2.09,-0.39 
-0.92,-1.19,-2.49,-0.68,0.,-2.01,1.59,1.36,1.48,0.82,-0.15,2.3,0.5,2.34,2.68,-0.54 
0.22,0.1,1.34,-0.72,0.5,0.61,0.75,-0.95,-0.66,-1.17,-0.23,1.7,-0.23,-0.4,-1.56,-1.02 
1.28,-0.89,-1.3,-2.04,0.45,2.1,0.66,1.98,1.89,1.13,1.96,-0.72,-1.12,1.23,-1.78,-0.22 
-0.98,-0.65,-1.92,-1.19,-1.28,-2.04,0.13,1.08,-1.47,-2.16,-0.74,-1.09,0.74,-8.E-02,-0.72,0.8 
-0.85,0.91,-1.38,0.12,1.22,-0.72,0.61,0.4,1.45,-3.E-02,0.29,1.15,-1.94,0.68,-1.14,-0.23 
1.31,2.08,2.79,0.21,-2.33,1.06,-1.4,-0.93,-2.12,0.37,-0.5,-0.43,5.38,1.93,3.47,3.45 
1.57,1.21,-0.83,-0.11,0.57,-1.29,0.54,-1.14,-0.64,5.E-02,1.32,-9.E-02,-0.61,-0.68,-2.97,-1.75 
1.93,1.03,4.11,1.45,4.15,0.98,1.85,1.5,0.88,2.01,1.12,2.37,1.22,-0.82,0.15,7.000000000000001E-02 
-1.72,-0.97,-1.49,-2.07,-1.13,0.23,-2.78,-1.29,-2.55,-1.27,-1.23,0.46,-0.61,0.36,1.99,-0.42 
1.88,6.E-02,-3.36,-0.14,7.000000000000001E-02,2,3.54,0.25,2.78,-0.4,-0.44,-0.57,1.66,2.43,2.02,2.38 
2.26,1.82,-1.29,2.68,0.26,2.66,-0.7,-0.29,1.88,0.95,1.54,0.8100000000000001,0.85,-1.82,0.95,1.23 
-1.88,-3.1,-1.6,-1.15,-1.16,-0.63,-2.75,-0.1,-1.67,-0.74,-1.31,-1.82,-3.16,-4.32,-2.43,-3.29 
-1.4,-2.49,0.52,0.41,-0.89,-2.25,-4.33,-4.23,-2.44,0.13,1.35,-1.41,1.29,-0.7,1.71,1.27 
3.63,1.88,-1.09,0.34,1.06,-1,2.19,1.79,0.18,-0.39,1.32,1.38,-1.33,-0.26,1.39,-1.66 
1.E-02,-1.1,-1.35,-0.97,-9.E-02,0.29,-1.11,-2.63,1.E-02,-2.22,-2.32,2.E-02,1.2,2.15,1.38,0.62 
-0.29,-1,0.21,-1.11,-1.29,-2.65,-1.37,1,-0.32,-0.37,-1.49,-3.27,-0.33,-1.37,-0.38,-2.62 
-1.06,-2.3,-2.05,-1.06,0.82,0.48,1.35,1.44,-1.16,-0.7,7.000000000000001E-02,-1.8,-1.23,-0.4,-0.8,-0.8100000000000001 
2.4,-1.51,-0.77,3.66,0.89,1.6,-2.49,0.53,-0.59,1.23,-1.26,-1.08,1.56,0.67,0.51,0.51 
2.49,2.98,4.12,5.71,1.49,1.96,3.64,2.45,0.83,0.51,2.12,1.53,-1.48,-1.42,-2.88,-0.17 
-1.27,-2.17,-1.26,-0.24,-0.52,-1.91,-0.8100000000000001,-1.83,-0.15,0.23,-0.39,0.41,-1.4,1.89,1.07,-1.86 
0.12,2.19,1.17,0.79,-1.19,-1.01,2.E-02,-2.13,-1.05,-1.1,-1.42,-0.35,-2.31,-3.35,-0.42,-1.61 
-1.9,-2.38,-0.45,-0.62,0.77,0.98,-1.48,1.68,0.62,-0.45,-3.6,-1.41,0.92,-0.18,-2.1,2.56 
0.1,-1.44,2.55,1.61,0.78,1.15,-2.17,-2.48,-1.36,-0.12,0.74,-2.19,-0.86,1.02,0.19,-0.25 
-1.27,-0.62,2.91,0.93,0.24,-1.72,-1.53,0.58,-0.16,-1.07,0.89,1.92,-0.8100000000000001,0.45,-0.93,1.06 
0.46,1.95,-2.38,-0.95,1.21,0.52,2.87,-0.17,1.49,1.28,-0.15,-0.92,1.98,-0.23,-0.62,0.44 
1.12,2.16,1.61,0.64,1.98,-0.17,1.77,-0.67,-0.63,1.2,0.45,0.46,-1.58,-0.24,-2.98,-0.2 
-0.24,-1.61,-2.29,-0.77,-0.43,-0.46,-0.19,-2.36,0.58,0.33,-1.99,-1.77,0.1,-1.13,-3.36,-2.28 
-1.18,0.85,-0.72,0.28,1.89,1.64,-0.2,-0.13,0.91,-1.29,-1.91,0.58,0.8,1.23,1.61,-0.45 
2.E-02,2.74,-1.11,-2.03,-2.96,-0.23,-0.93,-1.48,-1.1,-0.34,-0.57,-0.31,0.85,-0.93,3.74,-0.95 
0.13,-2.22,-2.21,-0.82,-1.95,-2.1,-0.86,-0.74,-1.62,-1.72,-1.93,-2.73,-3.87,-1.08,-1.7,0.8100000000000001 
1.4,-3.E-02,-2.11,-1.64,-1.73,0.71,0.14,-0.6899999999999999,0.72,-0.57,-0.6,-1.72,-0.82,0.61,-0.38,0.58 
-1.04,-2.13,0.1,0.5,-1.09,-0.59,-9.E-02,-1.65,-2.49,0.4,-0.21,-1.24,0.34,3.E-02,-0.21,1.27 
0.73,-0.8,0.8100000000000001,1.63,0.55,7.000000000000001E-02,0.9,1.24,-1.51,-0.12,1.66,1.07,-2.18,0.77,-0.93,-0.54 
2.38,3.11,5,1.26,2.97,-0.4,0.11,-0.45,2.15,-0.23,1.36,3.27,-1.14,0.5600000000000001,-0.61,-0.31 
0.41,-1.87,-2.38,-3.28,0.93,0.98,-0.48,-1.84,-0.3,-1.32,2.E-02,1.5,-0.76,1.12,0.46,8.E-02 
-0.23,0.99,-6.E-02,-1.12,0.6899999999999999,0.5,-1.17,1.09,2.01,1.3,2.72,-0.86,-2.1,-1.8,-0.36,-1.12 
2.43,0.13,-4.11,-2.91,1.02,-0.47,2.5,-3.E-02,0.57,0.96,0.43,-0.5600000000000001,-1.13,0.52,0.43,0.88 
-2.99,-1.84,-3.1,-0.66,-1.58,1.31,0.55,-1.21,-1.78,-0.36,-0.52,-1.65,-0.32,0.92,-0.2,0.23 
1.12,1.42,0.88,0.99,-0.64,0.39,-0.23,-0.52,0.24,-0.16,0.95,-0.65,0.96,-2.45,0.,1.06 
-2.79,-3.9,-0.96,-1.39,-2.61,-1.77,-2.83,-1.56,-3.35,-2.36,-4.3,1.38,0.95,-0.31,1.96,0.7 
0.24,-5.E-02,9.E-02,2.63,-1.43,0.15,1.89,-1.92,0.36,4.E-02,-1.61,-1.19,-0.6,-0.38,-2.66,-3.01 
0.61,0.39,-7.000000000000001E-02,-0.87,0.57,-1.83,0.27,-0.19,-1.5,0.37,-1.5,1.74,0.7,-1.73,2.02,1.3 
-2.09,-1.64,-1.84,-1.83,-1.88,-0.66,0.15,-2.28,-1.41,1.48,-0.52,-0.1,-1.27,-0.46,2.83,-0.22 
0.36,0.74,-2.53,1.06,-1.08,2.94,1.28,-0.83,-0.46,0.6899999999999999,-0.98,-0.34,0.84,-1.E-02,-3.E-02,-0.47 
-1.47,-1.05,-3.74,-4.25,3.E-02,0.66,0.18,-2.36,0.46,-1.86,-0.99,-0.1,-1.76,-3.43,0.5600000000000001,-2.E-02 
-2.07,0.86,-2.08,-3.38,5.E-02,-2.38,-0.85,-0.64,0.47,-1.16,-1.52,1.76,-1.01,-0.7,-2.59,-1.75 
-0.34,-2.14,-1.5,-1.52,-2.59,-2.49,-2.16,-0.57,-1.78,1.02,1.36,-2.31,-1.46,-1.77,1.07,-1.28 
0.67,1.69,2.48,0.4,4.E-02,-0.41,0.38,1.55,1.1,0.6899999999999999,0.47,0.82,-2.17,0.82,-1.06,-0.87 
2.41,1.99,2.2,1.14,-1.02,0.27,-1.77,2.69,2.67,0.36,0.55,0.23,1.03,1.22,-3.E-02,1.55 
0.32,0.24,-1.82,-6.E-02,-1.78,-1.24,1.36,1.05,0.88,-0.16,2.58,1.81,-0.33,-2.76,-3.31,-0.36 
-0.91,-0.48,-1.44,-1.48,-1.8,1.56,-4.06,3.E-02,-2.03,-1.43,1.45,0.3,1.67,1.89,-0.31,2.31 
-2.94,-2.06,-0.96,0.8,-0.36,0.16,1.12,-1.54,-0.12,-0.55,-0.12,-1.02,-1.7,1.24,1.73,-1.08 
-1.32,-0.21,2.93,-0.73,-0.3,0.9399999999999999,2.33,0.79,-0.33,-0.29,0.96,0.89,-0.9,1.21,1.49,0.16 
1.13,1.29,2.31,0.16,-1.52,2.12,-0.49,-1.63,-0.88,-0.47,-0.65,0.66,0.96,2.61,-0.43,1.67 
-0.6899999999999999,-1.47,-0.44,-0.83,-0.52,0.7,0.76,-0.68,-0.8100000000000001,-0.24,-0.8,-0.8,-1.42,1.49,0.92,-0.6 
0.96,-0.57,3.75,0.71,1.27,-7.000000000000001E-02,0.76,1.91,-1.5,2.31,2.64,-0.15,0.82,-0.55,3.08,-0.12 
4.49,4.21,2.94,1.69,0.17,-0.15,0.31,1.85,-0.13,-0.33,2.04,1.68,1.29,0.1,-0.48,-0.66 
-2.91,1.14,-1.5,1.38,-1.82,-1.7,-0.93,1.48,-1.57,0.95,5.E-02,-1.77,-1.22,-1.05,-1.97,-2.15 
-3.37,-1.31,-1.13,-0.76,-1.41,-0.97,-1.16,-4.72,-2.25,-0.59,-1.17,-1.9,3.01,2.17,1.38,0.86 
1.17,2.15,1.39,0.23,0.57,0.59,-1.05,1.83,1,1.42,1.08,-0.93,0.12,-0.31,-0.54,7.000000000000001E-02 
0.14,0.24,0.93,0.14,-0.33,-0.58,-0.64,3.51,0.78,0.54,0.25,0.12,-1.91,-1.79,-1.12,-2.49 
9.E-02,-0.55,2.78,2.5,-0.34,-1.6,-1.73,-1.49,0.42,-0.54,0.83,1.42,2.23,-1.17,2.9,1.89 
0.89,-0.1,-0.73,-1.33,0.2,-2.06,1.11,0.68,2.02,0.89,0.65,0.84,-0.84,-0.95,-1.89,-1.24 
-0.21,-1.44,-2.09,-1.58,2.35,0.63,2.72,-0.18,-0.27,-1.67,-1.02,-1.56,-1.02,0.14,-0.92,-0.7 
0.2,0.2,0.5,1.03,1.E-02,-2.57,2.87,1.33,-0.9399999999999999,-0.16,2.54,0.97,-1.48,0.28,-1.25,-2.41 
1.95,0.99,-1.35,5.E-02,1.89,0.9399999999999999,3.87,-1.01,1.46,3.19,-1.28,2.04,1.47,1.42,1.72,0.14 
0.79,-1.71,1,1.02,-0.15,1.61,-0.72,1.23,0.48,-0.19,2.97,-0.53,-1.15,-0.19,-2.44,0.41 
-1.44,-1.52,-0.78,-2.45,-2.04,-2.28,-1.46,-2.18,-1.08,-2.85,0.38,-0.75,-2.47,0.19,-1.73,-2.72 
-1.79,-2.69,-3.73,-0.59,-1.04,1.62,-2.57,-0.11,-0.21,1.2,0.73,-0.4,-1.52,-0.75,-1.58,-1.53 
0.18,-1.94,-1.31,-3.19,-0.65,-0.59,2.37,0.14,0.44,-1.43,-4.E-02,-0.57,2.63,-1.28,-2.4,-1.48 
-1.71,-0.4,0.53,-1.45,-1.39,-2.33,-3.08,-2.94,-2.6,0.42,-1.11,2.09,1.24,3.32,1.46,-8.E-02 
0.54,-0.72,-0.17,0.3,1.15,0.25,0.25,0.11,0.22,-0.66,-1.56,-4.E-02,-6.E-02,-1.49,-3.93,-0.33 
2,1.74,-0.71,-0.72,0.95,-0.28,0.35,-1.41,2.27,8.E-02,-0.15,0.3,0.51,-0.74,0.39,-0.2 
8.E-02,-0.52,3.5,3.46,0.21,0.52,-0.6,-0.83,-0.5600000000000001,0.6899999999999999,-2.36,0.19,-0.44,0.8,-0.28,-0.54 
-1.16,-1.15,0.35,0.27,-4.E-02,-0.83,2.08,1.96,0.88,-0.28,-4.E-02,-1.78,9.E-02,1.63,0.,0.76 
-0.27,-2.04,3.39,-0.55,-1.04,-2.47,-0.18,-1.24,-1.86,-1.26,-1.38,-2.4,0.9,0.74,-0.14,-1.91 
0.9399999999999999,2.7,-0.73,-2.09,-2.31,-1.95,-1.01,-1.94,-2.82,2.1,-0.46,-3.04,0.61,-0.17,0.91,0.65 
7.000000000000001E-02,-0.88,1.48,-4.E-02,-1.84,-1.15,-1.95,-0.36,-1.65,-0.83,-0.96,-1.72,0.55,-2.E-02,3.43,2.09 
3.57,2.08,-0.36,0.64,1.31,-1,2.02,2.41,0.77,0.49,1.52,1.37,2.06,0.34,0.76,1.8 
0.27,2.24,-2.24,-0.98,2.01,2.24,-1.53,1.73,-0.28,-2.18,-0.88,-0.89,0.6,-0.15,0.84,-0.34 
2.7,0.33,1.69,2.95,2.37,-1.84,3.6,1.33,1.77,-0.47,-0.18,-1.2,0.84,1.45,1.03,1.38 
2.02,3.05,0.63,2.96,9.E-02,0.23,-1.5,0.59,-0.61,0.18,-0.31,1.29,0.76,1.4,1.9,0.97 
-0.9399999999999999,-1.32,-2.59,-0.76,-0.43,-1.31,0.35,2.83,-0.67,-0.67,-0.66,-0.43,2,0.52,1.09,1.41 
-2.48,-2.15,-0.65,0.22,-1.2,-1.49,-3.E-02,9.E-02,-2.24,-0.46,-0.49,-2.05,-0.18,-0.71,-1.63,3.54 
-0.47,0.63,2.08,1.91,-0.51,-1.6,-2.72,1.8,1.09,0.67,-2.74,0.98,1.06,0.62,2.19,-1.93 
0.8100000000000001,0.6899999999999999,-0.22,0.41,0.16,-1.12,-0.12,3.14,1.61,-2,-9.E-02,-1.92,-0.41,0.61,0.34,-0.24 
-3.47,-3.39,-0.89,-4.11,0.66,0.,-0.25,1.08,-1.68,0.45,-1.09,-0.35,-1.09,0.97,-1.46,-0.11 
-1.66,-1.3,3.54,1.05,-0.77,1.91,0.79,-0.82,0.22,-0.49,0.1,1.35,-0.67,-2.5,1.42,0.27 
-1.52,-1.13,1.34,0.82,-1.16,-1.18,-2.29,-4.E-02,-0.82,-1.42,-0.51,-0.89,-0.58,-0.65,1,-0.34 
0.28,-5.E-02,0.12,0.24,-1.34,2.22,1.14,1.72,0.55,1.95,-0.62,1.03,-2.E-02,1.02,1.12,-1.17 
2.13,1.54,2.61,2.57,3,0.83,1.27,1.08,-1.19,0.5,-0.17,1.37,0.21,1.18,-0.42,-2.35 
-1.08,0.97,-1.19,-1.01,-2.2,-3.85,-0.47,1.33,0.5,-5.E-02,-0.5,-0.89,-0.45,-1.23,-0.61,-1.68 
2.53,2.34,1.02,-1.77,1.18,-1.86,0.24,2.15,3.57,0.21,1.98,2.47,1.03,0.54,0.59,5.E-02 
1.84,3.14,3.56,2.74,0.55,2.63,-1.38,1.26,1.48,1.26,2.13,1.09,-0.73,-2.55,-1.32,0.41 
0.58,1.47,4.21,3.05,0.6899999999999999,1.25,0.93,2.51,1.62,0.51,1.36,0.31,-0.83,-0.39,3.68,1.23 
2.08,-1.06,0.68,2.54,1.06,-1.78,1.99,4.05,0.52,0.66,-0.82,0.38,0.45,-0.14,-0.67,1.46 
0.61,0.35,-0.51,-4.04,1.03,0.22,1.16,-8.E-02,1.7,0.18,-1.26,0.16,-0.89,-8.E-02,2.E-02,7.000000000000001E-02 
0.55,0.53,-1.53,-0.32,1.25,-1.05,-1.51,0.9399999999999999,0.58,-0.57,-0.2,0.17,-0.88,-2.51,-0.61,-1.47 
1.14,-0.97,0.88,-0.15,-0.61,1.23,-1.29,-1.03,-1.79,-0.31,-1.15,1.91,1.34,4.44,-0.42,0.48 
1.36,1.57,0.91,-5.E-02,2.82,3.15,2.61,1.08,2.88,0.86,0.75,3.12,-0.77,-0.68,2.37,-1.61 
0.74,3.39,3.61,0.93,0.76,1.11,2.55,3.49,1.83,0.47,-0.46,1.31,0.54,3.28,-1.44,-0.4 
-0.17,0.78,0.1,-2.76,-1.87,3.E-02,0.48,0.26,2.22,0.9399999999999999,-1.98,-0.18,0.98,2.24,-0.7,-2.57 
1.23,1.68,-0.2,4.55,0.35,0.1,-1.03,0.79,0.12,0.31,1.43,9.E-02,-0.65,-2.56,-0.38,-0.29 
1.33,0.24,-0.75,0.93,0.1,4.07,-1.54,0.45,1.43,2.02,-0.84,3.89,-1.7,1.55,-2.74,-1.34 
1.76,-0.36,1.23,-4.67,0.43,0.71,3.48,1.07,2.8,-0.13,-1.36,-0.64,-1.01,2.07,0.6,0.39 
0.98,-0.32,1.09,0.72,-0.34,-0.4,-4.E-02,-0.12,-0.38,1.23,0.62,2.28,-1.02,-2.18,-0.75,0.58 
-2.68,-2.21,-0.21,-2.44,-1.13,1.03,-2.36,-0.11,-1.32,-1.92,-2.79,1.E-02,-0.6899999999999999,-1.88,-0.24,-0.6899999999999999 
2.12,3.33,0.84,0.52,-0.48,2.39,1.83,2.23,0.68,3.01,1.6,-0.57,-2.33,4.E-02,0.16,-0.34 
-0.21,-0.15,0.27,-1.06,-0.9,1.19,-0.46,1.44,-0.21,0.86,0.57,-1,1.64,1.35,-1.29,-0.16 
-0.54,-3.E-02,-1.5,-1.56,0.26,-4.16,-1.06,-3.59,-1.02,-0.62,0.3,-1.56,-0.98,1.94,1.74,2.51 
2.51,7.000000000000001E-02,-1.59,-0.65,-1.21,-1.25,-1.23,-0.49,-1.33,0.41,1.18,-0.74,1.38,1,1.15,-0.48 
-0.63,-1.51,-1.92,1.62,-1.23,1.17,0.74,-0.75,-0.43,-0.41,-0.57,1.49,-0.35,-1.43,0.71,0.8 
-3.08,-1.32,0.17,-0.74,-1.16,0.58,0.5,-0.29,2.92,1.33,0.84,-0.61,-0.19,0.5600000000000001,-0.61,1.E-02 
-2.31,-0.87,1.56,1.14,-0.25,-1.18,-3.E-02,-0.6899999999999999,-0.66,-1.4,0.,-0.27,-0.96,1.04,-0.6,-0.64 
0.5600000000000001,-0.95,3.64,1.55,-6.E-02,-0.67,0.17,0.18,-2.72,-1.27,-0.24,-0.25,-0.54,-0.66,-1.85,0.88 
6.E-02,-0.63,9.E-02,-0.23,-1.89,-1.61,-1.81,-0.58,-0.24,0.66,-1.92,0.16,-2.06,0.31,-3.1,-2.62 
0.87,-0.46,1.34,2.67,-7.000000000000001E-02,2.36,0.86,-0.6,-1.64,0.44,0.76,-1.32,-0.6,1.62,-0.85,0. 
-1.93,-1.63,-1.9,-0.39,-0.89,0.12,-1.84,-2.27,-1.99,-1.07,-0.6,0.23,3.E-02,-2.4,-0.87,-0.97 
-1.35,-1.95,4.74,-4.E-02,-2.96,-2.36,1.9,-0.3,-7.000000000000001E-02,0.67,-1.88,-1.28,-0.1,-0.71,1.52,0.49 
1.54,-2.59,-3.95,-2.88,-0.98,2.01,-0.74,2.08,-1.95,-0.5600000000000001,-0.44,-1.51,1.53,0.88,0.41,0.62 
1.81,-0.66,-0.28,-1.76,0.65,-0.97,3.98,9.E-02,1.47,7.000000000000001E-02,2.13,0.58,1.32,-1.19,0.19,0.38 
5.E-02,0.55,1.E-02,-0.83,-0.14,0.7,-3.E-02,0.53,0.86,9.E-02,-1.2,-0.24,-0.9,-1.03,2.12,-1.87 
1.41,0.41,0.42,-6.E-02,0.49,5.1,1.49,0.78,2.05,2.94,1.5,1.33,1.7,-2.09,1.47,1.14 
4.04,3.52,1.08,-0.38,3.41,0.54,1.35,1.2,1.15,1.71,0.18,3.03,8.E-02,2.15,0.36,1.81 
-0.3,-0.52,1.05,0.98,0.93,-7.000000000000001E-02,-0.92,-0.55,-0.75,-1.13,-0.73,-0.76,-0.28,-2.07,-1.82,-0.79 
1.45,0.85,4.04,1.22,0.25,1.38,-0.2,0.77,-0.4,1.16,1.22,-1.3,-1.86,0.75,1.75,-1.17 
-1.15,0.14,0.26,-1.38,0.83,-1.08,1.78,-0.37,-1.22,-0.35,-1.9,-4.01,1.25,2.74,2.08,0.75 
1.66,0.44,-1.57,-2.15,1.82,-2.65,1.48,0.17,-1.11,0.74,2.43,-1.42,-2.2,-1.15,2.07,-0.75 
0.62,-1.65,-0.89,-0.85,-6.E-02,0.9399999999999999,-0.68,0.11,-1.01,0.86,-0.95,1.49,-0.61,-2.13,1.28,-0.66 
-0.79,0.99,-2.17,-2.11,2.29,-2.55,1.29,2.17,1.59,1.01,0.85,-0.78,0.95,-2.23,-0.73,0.37 
-4.E-02,-0.97,-0.76,1.42,-1.17,-0.79,0.2,0.34,-2.24,0.17,0.13,0.93,-1.43,-4.65,0.32,-0.9399999999999999 
-0.57,-0.98,-0.98,0.91,-4.E-02,-1.65,-1.47,-0.63,0.5,0.9399999999999999,-0.47,1.51,-1.37,0.65,1.95,1.42 
-1.56,-0.23,-4.17,3.28,0.67,-0.82,-2.36,-1.16,1.86,-0.29,-0.65,0.66,0.9399999999999999,-1.44,1.19,1.3 
3.85,1.74,1.59,3.6,0.5,1.71,1.39,1.33,1.83,1.45,3,0.67,0.52,0.17,-2.88,-0.41 
-1.25,-0.16,0.2,-7.000000000000001E-02,0.18,2.91,-1.16,-1.05,1.1,-0.71,-1.03,-0.38,0.2,-1.16,-1.58,-0.9399999999999999 
0.99,2.43,-1.89,2.31,0.14,-1.88,-0.12,0.42,0.61,1.14,0.34,6.E-02,-0.38,-2.07,-0.82,3.04 
-1.69,-5.41,-1.15,-0.61,-3.42,-1.6,-1.96,-0.77,-1.79,-1.05,0.5,-2.34,-0.99,-0.86,-0.48,-2.24 
-0.22,0.43,0.5600000000000001,-0.15,0.43,1.38,-1.32,1.82,0.17,2.71,2.59,-1.56,-3.86,0.68,0.16,-2.49 
-1.48,-1.01,1.98,1.21,-0.36,2.16,-2.42,0.91,0.63,-0.25,-2.2,0.9,1.15,-0.71,0.77,0.8 
-1.53,-0.21,-3.36,-0.62,3.04,1.48,1.03,1.08,1.01,0.5600000000000001,-0.1,8.E-02,1.46,-1.14,-0.19,3.25 
-2.22,-2.63,2.03,-1.23,-1.95,-0.7,-3.77,-2.89,-1.16,-0.38,-0.51,2.25,-0.6899999999999999,-1.25,3.42,-0.29 
2.23,2,0.22,-0.8,0.1,-0.67,1.35,-0.73,1.14,-0.73,-0.76,3.99,-1.02,-1.2,-2.59,-1.2 
2.48,1.17,2.32,2.64,0.21,-0.88,-0.1,-2.79,-1.25,1.69,1.41,-0.97,3.04,1.63,-1.15,0.41 
-1.17,-2.5,-1.31,0.6,-0.24,-0.66,2.4,-0.27,2.68,5.E-02,0.59,0.74,-1.22,1.63,-1.67,-1.53 
1.92,1.49,0.77,4.47,2.39,1.28,1.6,1.31,4.38,-0.19,-1.03,0.11,2.05,0.23,2.75,0.61 
-0.73,-0.54,2.68,0.14,-1.5,1.96,0.59,-1.82,0.92,0.83,-1.83,7.000000000000001E-02,1.38,1.73,3.44,2.24 
2.74,0.33,0.29,1.E-02,1.72,1.48,0.83,1.88,1.54,1.88,1.19,2.56,-4.19,-2.49,-0.77,-1.71 
0.23,1.36,0.13,-3.08,-0.73,0.15,-0.54,-0.1,2.85,1.31,1.83,0.8,-2.65,-1.47,-4.61,-1.38 
1.64,-1.48,-1.55,-2.19,0.46,1.59,-0.38,1.06,1.08,-2.41,-0.15,-1.36,2.65,2.44,1.74,-0.27 
-0.88,0.68,0.89,1.36,-1.36,-0.17,1.13,-0.83,-0.71,-1.4,0.47,-0.86,-0.9,-0.33,-0.41,-0.23 
0.7,-0.59,1.85,-0.13,0.16,1.46,1.4,-0.58,-0.82,1.16,1.21,0.61,-1.82,-1.09,-1.01,0.91 
1.73,0.72,-1.97,0.37,-0.15,0.48,1.73,0.28,0.79,-0.25,0.27,-1.18,1.36,-0.72,-2.5,0.38 
1,0.92,0.9,-7.000000000000001E-02,0.17,1.29,0.28,1.41,0.14,-2.43,-3.E-02,-1.65,2.54,2.19,0.45,0.2 
-2.62,-2.82,-4.02,-3.34,-2.24,-0.75,-0.51,0.22,-2.1,-1.09,-0.15,-0.8,-2.35,-1.84,-1.4,-0.67 
-0.64,-1.34,-3.21,-2.59,0.52,1.66,2.21,-0.16,0.8,0.67,-0.7,-1.3,-0.61,0.29,-1.02,-0.24 
-1.94,-0.73,8.E-02,-0.52,0.13,0.4,0.55,0.46,1.69,-3.E-02,2.32,-2.43,-1.E-02,0.73,-3.06,1.26 
0.76,1.67,-0.19,1.65,0.4,-1.89,0.17,-1.E-02,1.32,-0.67,-2.46,-1.59,9.E-02,1.24,-0.39,0.8 
0.,-0.46,-1.32,1.06,1.66,1.55,-1.47,1.49,-0.78,4.E-02,-5.E-02,-1.05,-0.72,0.1,2.56,9.E-02 
-0.9399999999999999,-1.56,0.29,-0.39,-2.04,-0.9,-3,-2.6,-4.52,-1.13,-2.39,-1.31,-0.26,0.74,-3.16,-2.74 
-6.E-02,-0.17,0.22,-0.52,1.13,0.86,0.46,-1.36,1.16,0.8100000000000001,-1.98,0.97,-0.72,0.36,-0.41,-0.11 
-1.28,-1.56,-1.79,-1.51,-0.34,-1.72,-0.93,-8.E-02,-1.24,-0.82,2.15,-2.95,-0.25,-0.23,-0.16,-1.35 
-1.57,1.5,3.05,2.54,1.39,-3.E-02,1.84,-0.28,-1.42,-0.13,-1.38,-0.15,-0.78,-2.06,-1.2,1.82 
0.46,0.37,-0.29,1.19,1.73,-1.37,0.22,0.1,-0.88,-0.11,-0.45,1.14,-0.22,4.E-02,-2.8,0. 
-1.6,0.18,-1.98,3.E-02,-1.8,0.86,0.97,-0.33,-1.25,-2.13,-2.03,-2.54,0.5,-2.11,0.78,0.77 
-0.49,-0.59,1.92,1.87,3,-0.18,-1.77,3.15,1.84,0.47,-4.E-02,0.67,-0.68,2.36,0.85,-0.75 
-0.7,1.89,0.44,0.55,0.99,1.14,-0.47,1.89,-0.15,-1.45,0.26,0.52,0.28,-0.57,-1.66,-0.95 
-0.89,5.E-02,-0.91,-1.04,0.27,0.53,1.76,3.21,1.29,0.46,1.34,2.26,-2.73,-1.75,-3,-0.7 
0.67,0.8,2.25,0.8,1.13,1.8,0.86,0.77,-0.78,2.38,3.25,0.14,0.6,-2.14,1.12,-0.44 
5.E-02,-0.51,0.98,2.25,0.51,3.59,-1.E-02,4.61,2.47,-0.89,-0.52,1.7,-0.5600000000000001,-0.27,8.E-02,4.E-02 
1.9,0.49,1.52,1.58,0.29,-4.45,-4.E-02,-1.51,2.53,1.56,0.19,-0.28,-0.82,-1.16,-3.21,-1.37 
-0.54,0.6,1.48,1.45,0.39,-1.42,-0.68,-0.53,0.45,-0.3,-1.38,1.31,1.41,-1.45,-0.73,-0.23 
-9.E-02,-2.02,-2.28,-1.78,-1.56,-0.15,-0.21,1.66,-1.1,-1.52,-3.13,-1.91,-1.49,-0.11,-1.37,1.73 
-0.65,-2.3,0.33,-0.34,-0.15,1.22,2.42,-0.46,-0.78,-2.03,0.67,-1.01,-0.95,1.74,-8.E-02,-0.41 
-0.86,0.63,-3.35,1.53,0.83,-0.38,1.28,-2.27,-0.49,0.21,0.14,-3.32,1.E-02,-1.54,-1.37,9.E-02 
0.83,-1.38,0.52,-3.84,-2.21,-0.71,0.18,-0.74,-1.54,8.E-02,-0.38,0.33,0.36,-1.05,0.78,-0.78 
-0.28,-1.34,0.45,-1.44,-0.91,0.18,0.45,0.49,-1.12,-0.68,-0.86,1.25,1.3,1.49,-1.42,1.03 
-1.66,-1.22,-2.21,1.17,0.29,1.35,0.18,-0.38,0.37,1.27,1.51,0.64,-2.23,0.59,9.E-02,-0.27 
1.75,2.35,0.9399999999999999,1.98,1.02,1.39,1.42,0.51,2.64,1.65,2.33,4.42,-0.12,-3.06,1.72,0.66 
-4.77,-4.37,-1.07,0.63,-0.86,-1.96,-1.05,-0.65,-4.34,-1.11,-2.03,-4.6,-2.89,-2.67,-2.39,-3.13 
-0.37,-0.36,-2.02,-0.49,-2.6,0.17,-1.12,-2.13,-1.91,-8.E-02,1.9,-1,-1.44,0.32,-0.91,0.6899999999999999 
0.13,-0.59,0.59,-1.03,3.25,1.19,1.48,1.79,2.52,0.68,1.62,0.6899999999999999,1.58,1.E-02,1.8,2.96 
-0.45,-0.85,-0.33,0.72,-3.18,1.53,-0.48,-1.45,-1.06,-1.37,-1.43,5.E-02,0.63,-0.49,1.28,-0.19 
-3.52,-3.52,-0.6,-4.63,-1.9,-1.64,-1.55,-1.27,-2.13,0.11,-2.14,-3.41,-1.82,1.57,2.41,0.4 
-0.1,2.85,-0.82,2.32,0.92,-2.45,1.15,0.67,1.07,-0.46,-0.66,0.33,0.55,-0.2,-2.12,1.47 
-0.16,2.34,-2.42,1.16,-0.18,0.46,-1.11,-1.02,0.76,-0.72,0.75,0.54,0.79,-2.4,3.21,2.02 
-0.29,0.49,-0.45,0.86,1.12,1.89,1.21,0.33,0.12,0.43,1.15,1.73,0.96,-1.34,-0.16,-8.E-02 
-0.77,-1.04,-3.33,-3.88,-0.53,0.48,0.99,-0.6,-0.6899999999999999,1.89,1.58,1.95,-1.91,-0.96,1.45,-0.84 
1.89,1.19,0.9,1.43,-0.4,-1.13,-0.48,0.49,1.22,-1.81,-0.26,-1.87,-1.16,-2.44,-2.05,-1.92 
-0.52,1.29,0.21,-1.85,0.48,0.6899999999999999,1.97,1.04,-0.33,2.26,0.5600000000000001,3.15,5.E-02,-0.52,2.11,0.55 
-1.81,-2.22,-0.24,-1.15,-1.82,-2.29,-1.78,0.18,-0.97,-0.76,-0.14,-1.36,-0.46,2.14,-1.87,9.E-02 
-0.24,-0.93,1.17,3.8,-0.15,2.5,2.37,1.22,0.37,-0.2,0.61,-0.92,1.97,0.31,-1.41,2.67 
3.77,1.03,-0.8100000000000001,1.06,1.48,-0.8,1.23,2.29,-1.82,-9.E-02,1.42,-1.84,3.01,2.7,0.17,0.91 
-1.89,-2.19,-1.04,-0.16,-0.47,-0.18,0.21,1.42,1.93,1.04,-0.85,0.2,1.55,-0.25,2.22,1.96 
-0.36,-0.68,1.03,-1.34,-0.5,-1.05,0.9399999999999999,-1.E-02,-1.09,-1.84,0.74,0.82,-1.87,-0.13,-5.81,-1.38 
1.25,3.12,-0.34,1.04,0.15,1.14,1.91,0.55,1.17,-1.03,-0.16,1.05,1.35,1.E-02,1.02,2.28 
-0.51,0.58,1.81,-0.23,2.43,-0.24,-2.83,-0.44,-1.43,0.97,0.7,3.05,1.15,2.09,0.27,0.22 
3.37,0.23,-1.41,-3.16,-0.96,-0.65,0.44,-1.53,-1.37,0.6899999999999999,0.83,-0.14,-0.19,-0.96,-1.61,0.97 
0.96,1,0.16,-0.28,-0.49,1.4,-1.43,-0.91,-2.44,-0.84,-0.66,-1.E-02,1.38,2.56,2.35,0.62 
0.64,1.32,2.86,0.28,-0.32,-2.27,1.02,-1.29,-0.58,0.77,0.54,0.67,1.17,0.54,0.15,-0.43 
1.16,2.25,1.86,-0.29,3.02,0.72,1.89,2.9,-0.5600000000000001,-1.52,-1.15,0.6899999999999999,1.73,-0.47,3.53,0.26 
0.27,-1.26,-1.64,-2.38,-1.82,-1.95,-1.42,-1.55,-0.74,-0.36,0.27,-0.64,1.3,4.E-02,0.26,0.24 
-1.36,-0.99,2.52,-0.37,-0.77,-2.14,-0.73,-2.73,-1.78,-0.95,-3.08,-2.99,-0.24,1.32,-0.72,-1.44 
-0.96,-1.65,0.66,2.02,-0.17,-1.79,-4.E-02,0.38,-2.12,0.21,-2.55,-0.13,8.E-02,0.44,0.63,-2.25 
3.14,2.02,2.34,1.11,-1.16,1.33,-0.19,2.98,-0.6,-0.9,0.66,0.6899999999999999,-0.27,-0.91,0.59,0.5600000000000001 
2.56,0.6,0.72,1.85,4.E-02,0.26,1.65,0.7,0.86,-0.41,-0.67,-1.58,0.8,0.71,-4.16,-1.07 
1.3,1.89,0.73,2.5,2.35,0.24,0.96,-0.26,1.55,-1.28,0.14,0.62,-0.99,0.53,-0.28,0.96 
1.94,1.03,-2.E-02,2.84,-0.55,-1.9,-1.45,-1.09,-1.28,2.39,0.63,-1.51,1.37,1.13,-0.42,-6.E-02 
-2.35,-5,2.45,-1.51,-0.24,0.93,-1.72,1.06,-0.49,-0.37,0.23,1.5,-1.09,-2.07,-4.11,-2.63 
0.52,1.06,0.8,3.02,4.E-02,3.E-02,0.3,0.27,0.9399999999999999,0.52,-0.6,0.6899999999999999,0.73,1.8,-0.61,1.12 
1.62,-0.22,-0.35,-2.03,-2.7,-0.24,-1.73,0.8,1.27,-1.59,-1.23,-1.72,0.97,4.13,3.01,0.7 
-0.14,3.E-02,1.41,2.11,-0.26,-0.4,2.39,0.88,-1.52,1.27,2.53,-1.55,0.64,1.77,1.4,1.63 
-1.13,0.28,1.09,-0.45,1.28,0.55,0.14,0.1,-2.96,1.05,1.28,-1.22,2.5,-0.42,0.88,1.16 
-0.18,-2.32,-1.E-02,0.45,-2.38,1.02,-2.66,-2.64,-2.24,-0.6,-0.71,-7.000000000000001E-02,-0.91,-0.5600000000000001,0.18,-0.54 
0.38,0.1,1.45,2.19,-2.E-02,-1.74,0.52,1.66,-1.9,-1.29,0.37,0.63,-0.67,-1.85,0.86,7.000000000000001E-02 
4.77,2.72,1.42,-1.03,-0.82,0.35,2.19,-2.75,-0.66,0.67,0.9399999999999999,1.77,0.48,1.47,-0.91,1.38 
1.82,1.39,-0.3,-4.27,-0.68,-0.76,-1.16,-2.12,-0.18,-0.6,0.16,0.77,2.46,1.07,4.3,2.E-02 
1.22,0.55,-1.04,-0.73,2.27,-1.E-02,2.85,-0.67,1.03,0.5,1.88,1.93,-2.48,0.78,-4.E-02,-1.05 
1.43,1.39,0.26,0.92,0.5,0.74,0.34,1.95,1.23,1.05,2.27,-0.49,1.24,-8.E-02,0.25,1.07 
-0.6,0.1,2.86,0.45,8.E-02,-0.86,-3.74,0.6,1.21,-2.32,0.87,-1.04,-0.97,-0.68,0.41,0.74 
-0.32,-7.000000000000001E-02,1.04,1.05,-1.1,-3.38,-2.18,-2.74,-1.24,0.71,2.E-02,-0.11,-1.95,-0.54,-0.85,-0.7 
-1.22,3.E-02,1.37,-0.99,1.75,2.99,-1.87,-2.06,-0.76,0.17,-2.83,-0.43,-1.21,-3.12,-0.23,-0.18 
2.88,2.44,0.91,-1.38,0.64,-3.04,0.18,0.92,-1.12,1.04,-0.91,1.42,-0.48,-0.55,-0.49,-0.17 
-0.62,1.11,-0.28,-0.6,0.23,-0.43,4,-1.57,-0.4,-0.48,0.5,9.E-02,-0.34,-0.32,0.47,0.15 
0.37,1.1,1.17,-1.92,-2.07,-0.32,-0.24,-1.27,-2.49,1.28,8.E-02,-0.17,0.36,-0.37,0.9399999999999999,-0.82 
-3.05,-0.17,-8.E-02,0.86,-0.51,-0.26,0.38,-0.4,-2.06,-1.19,-0.4,-0.73,-0.23,2,-1.26,-3.E-02 
-1.54,-0.88,-0.53,-0.52,-1.02,-3.13,-0.4,-0.96,-3.E-02,-1.42,0.88,0.85,0.72,-1.93,0.55,1.75 
0.84,1.12,-0.86,-1.77,-1.12,1.3,0.93,-1.11,-3.4,0.97,1.55,-0.33,2.09,1.63,0.96,1.22 
-1.55,-0.67,-0.95,-1.06,-0.2,0.24,0.32,-0.72,-0.22,2,1.89,1.54,-0.16,-0.64,0.9,1.65 
0.6899999999999999,1.1,-2.16,-0.79,-1.46,-0.84,-1.8,-2.5,0.74,-0.97,-1.96,-1.32,0.83,3.03,0.8,-0.18 
-1.04,-0.45,-1.51,-2.01,-0.25,-1.21,-1.19,-0.27,-0.46,0.14,0.33,1.27,-0.22,-4.E-02,-0.51,1.96 
2.55,3.31,3.43,2.69,0.91,2.19,1.67,-0.41,0.89,-0.23,-0.17,0.25,2.14,0.29,3.6,5.E-02 
-1.33,-1.7,-0.7,-1.39,-0.66,-2.01,0.16,-1.15,-0.2,0.32,-0.35,-1.58,-1.31,-2.61,0.66,0. 
-3.18,-2.5,-0.72,-2.36,-0.88,-0.17,-3.89,-2.57,0.1,-2.03,-2.29,-2.62,-1.97,0.5600000000000001,-1.31,-1.2 
0.77,2.47,0.78,0.15,0.71,-0.59,0.5,-0.32,-0.61,-0.55,-0.52,1.23,-0.52,0.85,0.25,1.29 
0.65,2.04,0.77,2.14,-0.32,0.4,-0.25,-2.96,0.79,-0.45,-0.63,-0.5600000000000001,-0.75,0.54,1.E-02,-0.61 
1.78,0.82,1.35,1.98,2.15,0.42,-1.08,3.E-02,0.74,9.E-02,0.9399999999999999,0.36,0.63,1.1,1.78,-1.11 
0.12,0.19,0.49,0.39,-0.5600000000000001,-2.48,-1.93,-2.42,-0.48,-1.03,-0.35,-2.2,-2.22,-1.97,0.45,-4.E-02 
-8.E-02,2.16,0.97,2.41,0.33,-6.E-02,1.85,-0.13,0.39,2.21,2.77,0.22,0.24,6.E-02,-0.47,0.59 
-1.34,-1.58,-2.38,-5.77,-0.92,-1.42,-2.85,-0.8,-2.57,-1.43,-0.34,-4.69,-0.79,-6.E-02,2.59,1.43 
-0.4,-1.91,-1.54,0.41,-1.26,-2.03,-0.58,-0.22,0.21,0.31,-1.83,-2.28,1.39,0.87,-0.39,0.9399999999999999 
1.99,0.11,-1.89,-0.3,1.17,2.44,5.E-02,-0.54,-0.19,0.54,-1.03,-0.12,-7.000000000000001E-02,-0.53,0.5,0.41 
-0.11,-2.12,0.23,-0.13,1.04,2.4,1.93,0.64,0.51,0.12,0.58,1.84,2.06,-2.34,2.64,1.9 
-3.21,-4.11,-0.62,-1.02,-3.82,0.8,-3.76,0.88,-1.16,0.7,0.46,-0.33,0.55,-0.7,0.67,-0.8100000000000001 
-0.86,-1.17,-1.47,-2.13,1.48,-0.16,0.74,1.68,1.1,-0.34,-0.24,1.75,-2.25,-2.38,-0.4,-1.58 
-0.93,-1.27,0.52,-2.73,0.52,-1.25,0.6,0.17,-1.08,0.76,2.43,2.26,1.61,1.77,-0.12,0.26 
-2.36,-0.9399999999999999,-0.97,-4.16,-0.23,-2.38,1.84,0.11,2.E-02,0.38,2.12,0.82,0.52,-1.32,-1.87,-3.12 
-0.95,-0.6899999999999999,-3.72,0.36,0.8100000000000001,1.86,0.22,1.13,1.65,1.64,0.47,0.82,-2.49,0.91,-1.93,-0.4 
-1.3,-1.08,-1.14,-3.26,0.54,1.56,-0.62,0.5600000000000001,-0.96,1.12,-1.31,-0.9399999999999999,-0.86,1.99,-1.71,-0.29 
-0.76,0.74,0.4,-0.22,-0.14,0.67,-2.68,-0.66,0.31,-1.53,-0.3,-1.46,-0.7,-1.32,-2.87,-1.53 
-0.59,-0.5,-2.88,-4.52,0.23,3.04,-0.95,-2.15,-0.2,-0.16,-1.52,-3.98,0.17,-0.51,1.36,4.E-02 
-1.49,-2.11,-2.01,-1,-0.34,-2.49,-2.04,0.12,-0.91,-2,-0.57,-1.48,-0.3,-1.04,-1.68,1.68 
2.86,1.92,0.95,1.83,1.69,0.45,1.06,1.89,1.84,-2.22,0.28,1.05,8.E-02,-1.48,-1,-1.31 
3.11,1.82,3.31,3.01,0.52,0.9399999999999999,1.08,2.15,0.89,0.71,4.17,1.84,-0.31,-0.22,0.31,-0.11 
-2.01,-3.95,-3.23,0.44,-2.24,-0.52,-1.66,0.6899999999999999,-2.29,-2.63,-1.92,-1.56,1.72,-2.22,1.18,1.72 
1.42,-0.4,2.8,0.79,-1.12,-0.13,2.13,0.19,-0.5600000000000001,-0.47,0.2,-3.04,-2.27,-0.63,-0.14,-1.1 
-0.25,1.57,-0.64,0.78,-2.36,-1.69,-1.74,-1.75,-1.12,0.13,-1.92,-2.62,0.84,0.66,-1.33,0.87 
0.59,0.24,-1.5,-1.22,1.39,1.21,0.51,1.54,1.34,-0.52,1.07,0.23,-1.E-02,1.88,-1.09,-1.82 
0.98,-0.9399999999999999,-1.21,3.69,0.8100000000000001,1.5,0.85,2.12,2.87,2.49,0.5,1.93,-2.14,0.7,0.75,-1.14 
-2.46,-1.48,-3.6,-0.33,-1.05,-1.54,0.4,0.59,0.19,1.13,-1.55,-0.37,-1.75,-2.13,-1.96,-1.23 
1.37,3.27,4.09,1.84,-1.48,-2.67,2.38,-0.19,-0.2,-0.67,-2.45,0.62,1.12,-0.65,1.63,0.5 
-2.16,-2.04,-1.95,-0.38,-0.51,0.91,0.,-2.54,1.24,-6.E-02,-0.4,-1.46,-1.55,-4.54,-1.63,-0.84 
-1.24,-0.91,-3.06,-2.25,0.32,-1.52,1.05,-0.34,-1.26,-0.85,-1.13,-0.74,-0.17,0.34,-0.58,1.26 
2.14,0.24,1.08,-1.07,1.45,1.01,-0.97,2.9,1.11,2.41,1,-0.65,-1.42,-3.84,-0.46,0.4 
-1.03,-1.15,-0.7,-3.27,-0.68,3.1,-3.16,0.92,-0.54,-1.6,-0.51,-2.01,0.58,2.92,1.58,1.86 
0.57,-0.42,0.75,1.08,-0.12,-2.3,-2.02,-8.E-02,-0.16,-1.1,2.18,0.74,-0.75,-0.14,0.75,-0.77 
-0.31,-1.6,-2.55,-3.22,-1.19,0.,-4.E-02,-0.14,0.87,-0.6899999999999999,-0.29,0.18,-1.49,-0.17,-0.67,-1.99 
-2.02,-0.18,-1.25,-3.21,-0.58,-2.42,-0.84,-0.9399999999999999,0.85,-0.26,-0.89,-0.19,-0.33,-1.6,0.32,0.91 
-0.71,-0.79,-3.96,-1.58,-2.34,-0.58,-0.29,-0.6899999999999999,-1.89,-4.E-02,-0.47,-2.66,1.86,-0.9,-1.19,-1.67 
1.48,-0.13,1.05,0.86,-0.9399999999999999,-0.91,0.63,-1.36,0.25,1.06,8.E-02,-0.8100000000000001,-1.96,-0.36,0.3,-0.37 
0.65,2.98,0.8,-1.27,0.31,0.99,-0.52,-0.37,1.82,-0.49,-6.E-02,2.73,-0.28,1.45,-2.73,-0.28 
-0.38,1.16,1.84,3.21,1.3,-0.75,-0.8,0.59,1.47,1.47,1.56,0.63,0.57,1.33,-4.E-02,-1.E-02 
0.42,3.77,2.32,0.25,-1.17,0.32,0.52,1.28,1.98,2.12,1.78,3.71,0.59,-0.37,-0.41,1.27 
0.95,2.44,-0.48,-0.16,1.77,-2.5,-1.11,0.23,-0.41,0.97,0.93,2.28,0.,-0.54,0.58,-1.16 
2.64,0.31,0.86,-1.81,9.E-02,1.15,0.48,1.59,2.41,1.06,-0.48,-1.86,-0.73,0.62,1.04,-1.47 
-0.47,1.3,-0.11,1.81,0.23,0.41,0.75,1.22,3.1,2,0.25,3.29,0.42,0.11,-1.88,1.4 
1.19,1.27,2.17,1.15,1.22,0.31,2.53,-0.39,1.38,2.04,-8.E-02,0.,-1.4,-1.75,-0.5600000000000001,-0.24 
1.32,-0.42,-0.38,-3.61,1.17,-0.24,2.41,-1.13,0.12,-0.83,-5.E-02,-0.96,-1.36,-0.33,-0.7,-2.66 
-2.51,-1.22,-0.37,-0.51,1.04,-1.3,0.78,-0.49,-0.54,-1.65,-1.25,-1.09,2.61,4.06,3.7,3.13 
0.51,1.72,-0.16,-1.06,-0.72,-2,0.8,2.13,1.56,-0.36,-1.08,-0.6899999999999999,1.26,-0.62,1.54,1.08 
1.24,0.32,0.78,-0.76,0.23,0.8,-1.45,2.51,1,1.64,2.22,0.49,0.35,-1.73,1.4,-7.000000000000001E-02 
1.71,0.67,1.75,1.64,-8.E-02,-0.47,-0.1,0.2,-0.2,-0.5600000000000001,3.99,-1.84,-0.19,2.3,-1.13,-0.89 
-0.71,0.87,1.E-02,-1.72,0.7,-1.19,-2.67,0.22,-0.61,0.96,-1.48,1.23,0.85,-0.14,0.58,0.22 
-1.E-02,-2.3,-0.57,-0.31,-0.14,1.2,1.66,0.41,1.6,0.51,-0.17,-1.49,-1.06,-2.29,0.23,-1.06 
0.82,1.57,0.7,1.73,-9.E-02,-1.E-02,-1.16,-1.27,-0.47,-1.38,0.19,1.85,-0.5600000000000001,0.96,-2.68,0.36 
-1.26,0.28,-2.54,-3.62,0.46,-2.22,-2.43,-1.45,-1.41,-0.55,1.58,-0.63,0.37,1.36,-0.12,-0.28 
1.55,-1.58,-1.16,-2.27,-0.2,2.58,-0.34,-0.41,-1.26,-1.33,-0.58,-4.E-02,-0.33,0.31,-1.76,-2.13 
-0.41,-2.65,3.05,0.49,-1.38,1.19,-0.91,-1.04,-0.11,1.59,-0.41,-2.81,0.87,-2.E-02,1.75,-0.19 
1.2,-0.34,2.48,2.41,3.27,-0.41,1.61,1.73,1.63,0.38,-0.86,0.43,0.74,1.36,-2.16,-4.E-02 
0.49,1.19,0.5,3.31,1.9,2.61,-1.22,1.82,1.2,1.27,1.5,0.83,1.31,-0.5,1.7,2.4 
-1.5,-0.9,1.89,1.25,2.41,0.6,0.57,9.E-02,-0.5,1.07,1.05,3.76,-1.33,-1.16,0.16,0.29 
0.43,1.42,-0.59,-0.71,0.88,0.26,0.73,0.83,-0.18,1,2.3,4.E-02,0.91,2.05,-8.E-02,0.44 
-0.6,-0.93,-0.97,-2.36,0.89,0.47,-1.31,-1.E-02,-0.57,-2.E-02,-0.13,-0.77,-2.94,0.17,-2.34,-1.14 
-3.29,-4.08,-2.53,-2.84,-1.96,-1.53,-1.67,-2.74,-2.9,-3.07,-1.43,-1.55,-1.09,-1.42,0.41,-1.08 
1.47,2.51,3.06,3.89,-0.1,1.58,1.88,1.38,0.46,-0.93,0.48,2.06,0.57,0.49,-1.75,-1.06 
-1.31,-0.5600000000000001,0.87,-0.46,-0.44,-1.59,-6.E-02,1.3,0.97,-0.54,-1.08,0.16,1.13,-0.72,-0.88,2.18 
-2.26,-1.03,-1.02,-1.53,-1.29,-1.78,-0.51,1.27,-3.11,-0.43,-9.E-02,2.41,-0.68,-1.25,-0.68,0.41 
-3.85,-2.12,-1.15,3.42,0.77,-2.48,-1.97,1.31,0.57,0.82,0.6899999999999999,-2.21,-1.77,6.E-02,1.06,-1.8 
0.74,0.88,-4.55,-1.41,-2.06,-0.62,0.66,5.E-02,1.04,-0.78,0.87,-1.21,1.74,2.2,-0.44,0.31 
-0.34,-2.12,1.37,-0.41,1.51,8.E-02,0.5,7.000000000000001E-02,-0.86,-1.48,-2.32,-2.68,1.44,-1.59,-2.67,1.23 
0.5600000000000001,-1.1,1.4,-0.92,1.07,0.19,7.000000000000001E-02,1.07,-1.63,1.93,2.29,2.78,0.83,-1.29,-2.57,7.000000000000001E-02 
-5.E-02,-1.28,-2.05,-2.05,0.97,1.24,-1.35,-1.72,-0.71,1.21,0.39,-0.63,-6.E-02,0.59,0.34,-0.33 
-0.2,-0.64,2.54,2.18,-0.84,-0.1,0.44,0.96,5.E-02,0.82,1.4,6.E-02,1.97,-0.78,-1.27,-1.05 
-2.03,-2.92,-0.72,-2.3,0.18,-2.73,-1.96,-0.83,-1.97,-3.54,-1.29,0.95,-0.21,-0.38,-0.4,-0.5600000000000001 
1.59,0.27,-1.26,0.,0.29,0.28,-0.8,-1.85,-0.25,1.9,1.45,0.6,-2.11,-3.77,-1.65,-2.E-02 
1.21,-1.86,-0.73,-2.02,-1.29,-0.9,1.87,0.65,0.74,2.4,3.02,1.6,2.25,0.79,0.58,0.42 
-0.11,1.14,2.01,2.95,-1.58,-0.83,-1.59,-0.57,0.2,-0.48,-1.52,-2.27,1.45,-0.7,-0.23,2.04 
-1.22,-3.21,-4.29,-3.78,-1.42,0.57,-1.36,-1.86,-0.18,-1,-1.31,-1.33,-2.04,-1.15,-2.71,-3.38 
1.38,-6.E-02,-1.12,-2.44,-0.36,0.62,0.6899999999999999,-1.1,4.E-02,-0.34,-0.53,-1.25,0.41,0.44,-0.89,-1.03 
0.31,0.46,-2.35,-2.6,-0.9,-2.5,-1.31,1.37,0.99,0.5,-0.51,0.5,1.75,0.1,2.63,-0.32 
1.09,2.11,2.E-02,0.35,1.09,0.39,-0.97,1.53,-1.25,1.58,-0.52,1.18,-1.01,1.68,0.16,-2.09 
0.57,0.15,1.23,1.08,-1.53,1.27,0.32,2.02,-0.26,-0.57,-0.61,0.33,-5.E-02,0.65,1.33,-1.83 
0.7,1.17,2.51,1.38,1.39,2.44,2.13,2.37,1.62,2.79,0.24,1.54,2.51,0.67,0.99,-0.11 
-2.81,-0.14,-2.43,-1.58,0.24,1.06,4.E-02,0.3,0.26,-1.67,-0.48,2.15,-1.26,2.03,0.74,-1.79 
2.17,0.85,1.14,-2.22,1.2,-7.000000000000001E-02,-0.7,0.2,1.81,0.8100000000000001,0.79,2.59,-2.78,1.15,0.35,-0.73 
2.91,0.97,2.E-02,1.72,0.11,-0.73,1.47,-2.E-02,-2.79,0.92,-0.41,-1.64,0.8,2.14,1.48,1.22 
1.44,-2.1,-4.63,-6.09,-2.32,-1.92,-0.14,-1.92,-1.37,1.63,1.37,-0.26,-0.39,0.18,-2.97,-1.32 
1.19,-0.72,3.81,-0.3,0.8100000000000001,-0.65,-0.6899999999999999,0.75,1.5,0.77,0.6899999999999999,0.43,1.24,1.19,-0.9,1.43 
-1.05,-2.15,-0.78,0.24,1.43,-0.28,-0.23,0.5,0.35,0.33,-1.12,-3.14,1.36,0.2,3.89,-1.49 
1.96,1.9,-1.6,-2.46,0.49,-1.1,-2.52,0.78,5.E-02,1.11,1.07,-0.41,1.36,-0.95,-3.2,-0.46 
1.06,-1.37,0.32,-1.26,-0.9,-8.E-02,-0.53,0.7,-1.95,0.58,1.51,1.52,-0.14,0.2,1.36,-0.12 
0.68,2.14,-0.41,-1.31,-0.7,0.29,-0.38,1.03,2.02,-1.55,-1.31,-0.9399999999999999,0.87,3.18,3.2,-0.28 
1.49,0.79,0.89,1.35,0.34,0.64,1.28,0.92,-0.34,1.32,-1.36,1.34,-0.25,-2.7,0.65,1.E-02 
2.81,1.55,1.E-02,-0.36,2.22,-3.E-02,2.09,1.94,2.94,1.1,-0.25,4.E-02,0.5,0.67,-1.99,4.E-02 
-1.85,-2.1,9.E-02,1.69,-1.2,0.19,-1.96,-4.15,0.26,-0.53,-0.95,0.79,0.52,-0.86,-2.34,1.44 
-2.08,0.45,1.46,2.79,-0.75,1.1,-1.34,0.82,0.63,0.86,-1.97,1.54,-1.03,0.65,-0.45,-0.62 
-1.73,-2.06,-0.82,0.35,-1.23,-2.54,-0.65,1.51,-0.31,-0.6,-0.83,-1.12,-0.29,2.77,2.49,1.31 
0.53,-0.4,1.74,4.69,1.7,-1.14,-2.53,-0.86,-3.2,1.41,5.E-02,1.4,-1.55,-1.97,-0.38,1.42 
1.7,1.99,1.17,0.78,-0.37,3.1,1.3,0.43,1.13,0.16,1.56,2.99,0.2,-5.E-02,-1.24,-1.51 
2.29,2.42,-0.65,2.66,0.89,-0.14,2.45,0.33,0.41,0.99,1.92,2.66,-9.E-02,-2.38,-1.53,-0.58 
0.5,1.86,-1.21,2.2,-1.44,1.53,-0.87,-0.99,-0.71,1.9,0.22,1.14,1.67,2.49,-0.59,-0.36 
-1.38,-0.44,0.16,-2.27,0.28,-1.22,1.85,1.89,1.94,0.53,1.88,3.37,-1.87,-1.99,-0.65,0.45 
1.86,-1.44,-2.7,-1.24,-6.E-02,-0.61,-0.2,-1.16,1.29,1.64,0.22,-0.65,1.37,-1.41,2.41,1.83 
-1.19,-0.71,-0.1,-0.7,-1.31,-1.26,1.22,1.95,1.46,1.07,2.72,-0.5,0.22,-0.85,-0.96,3.E-02 
-2.28,-1.32,-2.35,2.E-02,-1.18,0.76,-1.06,-0.75,0.82,-1.65,0.92,0.53,-2.41,-4.53,0.22,-0.32 
-2.66,-3.59,-2.76,-2.06,-1.03,0.26,-0.41,-0.31,-0.64,1.04,1.28,0.7,-1.59,-1,-1.56,-1.98 
-0.7,-0.84,0.15,2.27,2.37,3.92,2.43,-9.E-02,-0.37,0.41,0.27,0.13,2.37,2.24,-0.13,1.96 
1.08,0.77,-0.5,-0.82,1.63,1.1,0.23,-0.62,0.18,-0.7,-1.73,0.9,2.95,-0.73,0.41,0.17 
-1.29,-7.000000000000001E-02,-7.000000000000001E-02,-5.18,2.77,0.8,0.79,1.05,0.49,0.18,1.37,1.08,-1.91,-3.06,-1.01,-1.11 
-0.96,-0.6,-1.48,-1.8,0.37,-3.E-02,0.1,0.73,-2.54,-0.82,0.73,-0.67,-0.75,1.05,6.E-02,-0.23 
0.49,0.74,0.57,-0.88,-0.24,-0.26,1.26,0.59,0.74,-0.33,-0.61,-4.E-02,2.16,1.43,-4.E-02,0.15 
-0.58,2.E-02,-0.89,-2.83,0.47,1.28,0.3,-0.29,-8.E-02,0.72,0.78,-0.59,-1.16,-0.77,1.15,-9.E-02 
-0.83,0.54,-0.5,1.93,-1.16,-1.57,-1.73,-0.52,1.72,0.28,0.79,1.29,2.13,-0.49,0.71,1.38 
-3.02,-3.24,-0.43,-0.5,-1.36,0.54,-0.27,1.02,-1.03,1.E-02,-2.97,-0.4,-3.27,-2.77,2.77,-0.8 
-2.17,-3.41,-3.21,-4.52,-0.17,0.12,-0.1,1.07,-1.19,-2.02,-1.37,-0.2,-2.16,-1.32,-1.17,-0.2 
0.41,0.91,-0.45,1.57,-1.12,2.54,-1.34,1.63,1.52,-0.31,-1.55,1.35,-2.E-02,-1.31,0.25,-0.68 
-1.14,-1.41,-1.06,0.61,-1.04,0.72,1.E-02,-2.65,-1.54,-0.57,-1.94,-0.86,1.13,4.E-02,-0.73,1.48 
-1,5.E-02,2.48,2.25,0.92,1.92,2.E-02,0.23,1.34,0.86,1.18,0.33,-1.21,-1.31,-0.93,-2.07 
0.,0.76,3.51,1.98,0.64,-0.87,1.27,1.09,3.02,0.14,2.47,2.51,0.36,-5.07,0.11,-0.17 
-1.43,-1.65,-3.02,-2.98,-1.38,0.22,-0.11,-2.54,-1.96,-0.22,0.41,0.3,-0.44,-1.81,0.11,-0.82 
0.72,2.13,-1.57,1.24,1.35,2.98,1.52,0.83,3.24,0.93,-0.62,3.35,-0.55,0.93,1.06,-1.23 
2.72,4.52,2.77,0.22,2.62,-0.38,1.05,3.03,1.51,-0.36,-0.19,1.33,-1.64,0.24,-0.76,1.31 
0.33,-1.54,-0.8100000000000001,-1.93,-1.25,-9.E-02,-2.85,-0.43,-2.27,-0.61,-0.82,-0.41,-6.E-02,-0.53,0.77,1.77 
-8.E-02,2.1,2.61,2.19,1.1,1.02,-1.08,-1.17,-5.E-02,0.55,1.87,2.32,1.32,2.13,0.31,1.35 
1.27,6.E-02,-1.14,3.76,0.21,-1.57,-0.14,-0.24,-1.02,0.16,0.88,-0.21,0.28,-0.97,-0.61,0.18 
1.72,0.49,0.82,-0.75,2.4,-0.15,2.13,0.47,0.86,0.75,0.98,0.57,0.19,-0.59,0.74,-3.74 
-0.97,-1.35,-2.89,-0.78,-1.E-02,-1.56,-0.67,0.62,-0.33,-2.43,-1.55,-0.22,-1.29,-1.24,-3.85,0.8100000000000001 
-2.55,0.31,-2.76,-4.13,-1.87,-0.6,0.36,-2.82,-1.13,-2.23,-0.38,-0.92,0.33,-0.95,-0.35,-0.28 
1.E-02,-1.18,-1.3,-2.11,-1.07,-1.03,-2.29,-3.84,-2.42,-0.88,-2.11,-1.54,0.53,-1.89,-1.97,-0.38 
1.08,-0.36,-0.88,1.E-02,-1.55,-4.02,0.57,-2.33,-2.39,-7.000000000000001E-02,1.72,-1.E-02,2.36,0.62,-2.38,-0.59 
1.36,-1.05,0.54,-0.4,0.35,-0.21,9.E-02,-1.95,0.17,1.19,-0.41,-0.4,1.43,-1.73,1.82,-0.67 
-3.7,-2.85,-1.53,1.3,-1.54,-0.82,-0.19,-3.07,2.69,-0.43,-0.73,-2.28,-1.44,6.E-02,-1.34,-0.83 
-0.32,-0.12,-0.36,-1.89,0.47,2.77,-0.35,-0.95,-1.61,-1.07,-0.12,-0.31,0.47,-2.09,1.71,0.11 
-1.24,-0.48,-2.53,-4.6,-0.99,-2.05,-0.66,-1.55,-0.27,1.35,-0.85,2.15,-0.18,0.82,-4.64,-1.37 
-0.89,-7.000000000000001E-02,0.93,0.46,0.18,-0.74,7.000000000000001E-02,2.35,-1.41,-0.63,-0.46,4.E-02,2.E-02,-0.44,-1.5,2.E-02 
1.5,0.45,0.57,0.67,2.07,0.45,2.7,-0.79,2.74,-1.13,-1.86,0.46,0.49,0.52,0.36,3.E-02 
1.26,6.E-02,-1.05,-0.36,1.17,2.28,0.6899999999999999,-0.45,-0.22,-0.16,-1.26,9.E-02,-0.51,0.48,0.8100000000000001,0.55 
2.31,2.87,0.13,0.45,1.53,2.48,-0.74,-0.46,0.33,-2.07,-1.89,-0.37,3.95,2.2,1.76,3.96 
-0.87,1.39,-1.13,-1.24,1.12,-1.14,1.28,1.07,-1.02,-0.89,0.13,1.3,1.64,-0.11,1.26,1.02 
-0.74,-0.78,-1.4,-0.79,2.E-02,4.E-02,1.01,2.23,0.24,0.77,2.71,-1.72,-0.33,1.4,2.48,1.42 
-0.28,-0.5,1.32,0.98,0.43,-1.58,-1.83,-0.57,-1.32,-1.98,-1.4,-1.32,-1.02,0.77,-1.37,-0.36 
-1.33,-1.24,-0.5,0.26,-1.48,-1.44,-3.22,-1.89,-1.12,-1.54,-2.09,-2.28,1.E-02,0.68,-3.46,-0.18 
-0.49,-0.66,1.6,3.7,1.78,2.03,1.52,-0.26,0.29,1.33,-1.51,-1.09,1.7,-2.43,2.65,1.71 
2.01,0.98,1.59,0.6,-3.24,-0.8100000000000001,-1.85,-1.01,-2.51,0.1,0.5,-0.53,0.2,0.11,1.39,2.E-02 
3.08,0.29,4.06,4.74,1.54,0.59,0.12,1.2,0.77,1.06,-0.46,-1.03,2.94,1.73,0.18,0.84 
0.26,-0.6899999999999999,3.73,4.06,1.22,1.23,0.47,-1.14,1.05,-1.07,0.33,-1.21,1.34,0.72,0.9399999999999999,1.4 
-0.92,-3.63,-1.12,-4.45,0.71,-1.17,-9.E-02,1.84,-1.52,1.78,1.14,1.75,-0.16,-0.74,-1.81,3.E-02 
-1.67,-0.84,0.49,-3.15,-4.E-02,-1.14,1.16,0.32,-0.35,0.16,0.54,0.87,-1.05,0.32,2.04,-2.38 
0.45,0.19,-3.98,-1.67,9.E-02,-0.45,0.72,-0.77,-1.84,-1.22,1.84,-1.12,1.03,-0.39,1.03,0.89 
-1.62,-0.7,-3.18,-2.96,-0.65,-0.71,-0.17,2.78,-0.37,1.57,2.15,0.89,-0.55,-0.68,-0.53,-0.61 
2.96,1.88,0.89,1.27,2.31,-6.E-02,3.81,0.38,1.99,0.14,0.9,0.12,-0.27,-0.12,-0.72,-0.88 
-0.99,-0.9,1.78,-0.87,-1.41,-1.8,1.46,1.08,-2.14,-2.1,-1.75,-2.51,2.14,-0.57,2.4,1.39 
-1.59,0.22,1.2,0.41,-1.54,1.06,-1.59,-0.35,-0.66,5.E-02,-2.02,1.29,2.16,-0.18,1.99,1.19 
-1,-2.23,-2.31,-4.25,-2.71,-1.64,-2.58,-3.83,-2.22,-1.91,1.82,-0.75,0.12,1.2,1.32,0.34 
-0.15,1.08,-0.67,1.52,-0.99,-0.1,0.22,1.2,-6.E-02,-0.65,-1.48,-1.04,-0.6,-0.4,-1.4,0.42 
1.35,3.23,3.46,-1.41,3.56,1.1,3.21,4.02,1.78,1.66,1.72,4.98,0.59,1.79,-1.12,0.97 
-1.2,-0.47,1.03,2.23,-0.72,-1.34,-0.54,-0.25,5.E-02,0.89,3.06,0.88,-0.59,-0.52,-2.35,-0.85 
4.15,3.38,3.21,3.45,1.75,-0.21,1.07,2.13,3.38,0.27,3.34,1.85,3.26,3.7,4.07,1.96 
-3.33,-0.23,-1.47,-0.62,-1.25,-0.98,-0.5,-0.84,-1.02,0.17,-1.22,-0.66,-2.36,-1.44,-1.53,-0.38 
0.32,-0.95,0.48,-0.24,1.04,0.55,1.42,-0.32,-0.9,-5.E-02,-0.8,-0.82,1.35,1.83,0.64,1.41 
-3.77,-3.9,-6.23,-5,-1.33,-7.000000000000001E-02,-0.73,-0.9399999999999999,0.99,-0.46,1.E-02,-1.12,-2.7,-2.21,-1.77,-1.31 
-0.8100000000000001,-0.91,-5.E-02,0.66,1.46,0.88,1.28,2.26,-0.53,-1.7,-0.8,0.65,-0.54,-2.06,2.22,-0.46 
-2.7,-2.84,5.E-02,-2.7,0.43,0.39,0.8,-0.18,0.71,-2.9,0.49,-0.28,-0.91,-1.58,3,-6.E-02 
-4.3,-1.82,-1.25,-0.3,0.93,-1.42,-4.E-02,-0.88,1.43,-1.77,-1.48,-0.34,-1.1,-0.96,-1.25,-1.13 
-0.8,-2.6,-4.86,-3.02,-2.02,1.98,0.76,-4.07,-1.09,-4.E-02,0.55,0.9399999999999999,0.95,1.28,0.82,6.E-02 
-1.65,2.52,1.77,1.81,1.8,2.5,2.47,2.52,2.03,-1.14,1.03,3.23,-1.27,-1.9,-0.97,-2.91 
-2.04,-1.2,1.24,0.61,-2.02,-0.63,-1.94,-0.8,-3.52,2.04,2.02,-1.11,-0.63,-0.14,-1.77,0.48 
1.67,1.39,0.36,-0.77,2.26,2.1,1.4,1.86,1.72,1.53,2.84,2.24,-1.85,-1.2,-0.62,-0.32 
0.78,2.08,3.69,3.46,-0.38,2.49,1.65,0.7,-0.3,2.37,3.13,-0.13,-1.24,-6.E-02,-3.02,1.98 
-0.4,-0.71,1.71,0.83,-1.47,-1.78,-1.52,-1.85,8.E-02,-0.5,0.18,-2.34,-5.E-02,-3.38,-2.4,-2.56 
2.32,1.59,3.11,6.46,-0.52,-7.000000000000001E-02,-0.52,0.32,1.4,3.E-02,0.37,-1.31,0.8100000000000001,2.88,1.07,3.23 
-1.12,0.21,2.53,0.48,-1.51,0.29,-3,-1.52,-1.15,1.26,-1.55,-1.22,0.83,1.36,0.48,1.36 
-1.17,-1.36,-0.61,0.68,-1.3,0.39,-1.09,-4.66,-4.42,-0.77,-2.92,-2.05,-0.79,0.26,-1.62,-0.26 
1.1,1.53,0.66,4.21,1.33,1.59,1.17,0.49,1.67,0.18,-0.2,-0.53,0.66,1.39,1.38,2.1 
-0.67,-2.27,-2.84,-1.92,-0.96,2.28,-0.8,-4.E-02,-0.85,-0.18,-2.6,-0.48,-3.03,2.17,0.59,-2.81 
1.51,2.22,1.57,1.75,-1.48,-0.15,-1.85,0.48,1.73,0.,-2.23,-1.E-02,-0.54,-0.28,1.3,2 
2.09,0.33,-2.21,-0.29,1.02,-0.44,-0.36,0.,-0.24,2.2,-1.75,3.71,0.84,-0.43,2.43,0.19 
1.77,1.66,2.82,-1.26,-0.71,3.35,0.59,1.19,0.9399999999999999,1.46,0.42,3.5,1.38,1.83,-1.32,1.22 
-0.19,-2.19,-3.06,-1.85,-0.38,1.11,0.61,0.5600000000000001,1.17,-0.11,-1.66,1.78,-0.83,0.31,-3.98,-0.79 
2.E-02,0.88,3.47,3.41,2.01,1.36,-4.E-02,-1.35,-0.89,1.96,0.5,-0.47,0.55,-0.98,-0.68,-1.1 
-2.11,-2.28,-2.06,-2.3,0.57,-0.11,-1.18,1.24,0.13,5.E-02,-0.84,-1.27,-0.96,-3.04,-1.6,1.43 
-0.79,2.09,-1.12,1.05,0.12,0.93,1.44,-0.67,0.19,0.61,-1.54,1.17,0.54,-1.59,1.07,1.76 
-0.36,0.34,-1.05,2.59,0.28,0.73,-1.5,-0.25,0.86,-0.6899999999999999,-2.53,-2.97,2.18,0.71,0.55,0.61 
0.93,0.8100000000000001,3.36,1.84,-0.41,-0.8100000000000001,1.09,-0.84,-0.27,-1.45,-0.27,-0.34,-0.9399999999999999,0.45,-2.E-02,0.21 
-3.25,-2.13,-0.12,2.43,-0.43,-1.15,-0.65,0.5600000000000001,0.9,-0.25,2.61,-0.93,-0.78,-1.79,-0.26,-1.69 
0.44,-1.69,-1.11,-0.63,1.79,0.66,-1.79,0.2,0.37,-8.E-02,-0.16,3.E-02,0.64,0.27,1.62,-0.12 
0.43,1.33,-0.77,-1.33,-0.25,-0.73,-0.66,-1.19,-1.43,-1.23,-1.33,-2.99,-3.E-02,-0.29,1.12,0.68 
-1.23,1.2,1.64,2.23,-0.97,-2.85,-2.39,-1.22,-1.72,-0.39,1.66,-0.17,-1.32,2.04,3.7,-2.34 
-0.13,-3.01,-1.49,-1.7,-1.69,-3.03,-1.24,-0.3,-2.83,-0.32,-2.38,-2.41,0.72,-2.46,-3.87,-0.58 
-2.49,-2.04,-2.58,-2.27,-0.1,-0.33,-0.99,-1.97,-1.75,-0.64,-3.07,-1.13,0.45,-0.18,0.76,2.36 
0.11,1.25,0.88,2.8,0.21,0.51,-0.27,-2.3,-1.33,0.79,-0.61,-2.21,1.9,1.56,0.89,0.8100000000000001 
-0.74,-0.11,-2.49,-1.37,-1.43,-1.14,-0.6,-0.62,2.23,1.02,0.6,-0.43,1.04,-0.93,0.22,0.16 
2.18,2.61,2.37,-0.35,0.29,0.3,-1.76,-0.3,1.65,-0.9,-3.82,-0.31,2.25,-0.89,1.63,-0.62 
-3.14,-0.44,-1.54,2.48,-1.66,0.11,-2.1,-0.55,1.14,-1.27,-0.22,-2.12,3.E-02,-1.57,-0.37,0.7 
1.87,2.36,-0.7,2.98,-0.17,-2.63,-2.66,-0.6,-1.17,0.39,3.4,-1.24,2.26,1.76,3.18,2.93 
0.45,2.52,1.65,3.54,0.21,-0.7,2.65,0.2,-1.1,0.58,-3.04,-0.78,1.85,-0.8,0.52,-0.31 
-1.E-02,-2.39,0.84,1.71,1.17,-2.19,-2.05,-0.16,0.35,-0.78,-1.92,-1.85,-1.78,-9.E-02,9.E-02,-1.39 
0.91,1.99,-0.71,1.48,2.28,-1.33,1.79,1.53,1.51,-0.11,0.83,1.64,2.41,2.43,0.99,-0.54 
-2.E-02,-0.71,-0.25,0.84,0.18,-1.64,0.78,1.89,-0.67,0.63,-0.21,-0.55,-1.25,0.28,-1.86,-0.29 
-2.43,-2.5,-0.46,-3.46,-3.6,-2.59,-2.35,-0.74,-1.06,-2.19,-2.33,0.76,-0.77,-0.27,1.42,0. 
-4.49,-6.01,-3.47,-0.93,-1.07,-4.52,0.5,-2.31,-3.15,-4.E-02,-0.64,-1.53,-3.56,-3.26,-3.58,-2.49 
-1.46,-0.23,1.4,0.21,0.65,-1.24,1.84,-0.8100000000000001,1.97,2.E-02,1.32,0.3,1.23,-0.41,3.19,-0.96 
-0.57,-0.34,0.2,2.74,-2.E-02,0.,-0.35,-0.48,2.25,-1.35,-1.37,0.42,-2.08,-5.19,2.06,-1.35 
-1.48,-0.55,0.76,2.E-02,-0.7,0.58,0.77,3.E-02,1.67,-1.75,-1.22,-1.23,0.21,-0.35,-1.72,-0.16 
2.16,-0.14,1.69,1.47,-1.34,0.57,-0.52,1.83,1.01,1.53,-0.19,1.05,3.38,4,3.06,3.46 
0.17,6.E-02,-0.11,1.36,2.84,0.68,1.72,-1.25,-1.71,1.41,-0.47,2.11,-0.3,-1.36,-1.67,-0.11 
0.8100000000000001,-0.4,-0.66,0.8100000000000001,-1.64,-2.24,0.7,-0.41,1.05,-1.64,-0.65,-1,1.69,3.3,4,3.44 
1.6,-2.33,0.22,9.E-02,8.E-02,0.49,1.67,-0.82,0.9,0.61,-7.000000000000001E-02,-1.09,0.98,-0.82,1.97,0.4 
-0.87,1.E-02,0.28,-2.56,-0.32,-2.42,-1.4,0.55,6.E-02,1.48,7.000000000000001E-02,1.24,0.58,1.86,-0.9399999999999999,-0.17 
0.71,-5.E-02,2.12,1.73,-0.16,0.39,0.99,2.54,1.28,1.85,2.08,2.71,1.54,1.78,1.45,1.16 
1.05,1.59,1.55,0.9,2.49,0.78,9.E-02,2.53,1.34,-0.28,-0.58,0.34,0.33,2.64,0.22,0.72 
-1.1,-2.13,-1.09,0.31,0.65,1.E-02,2.94,-0.26,-0.88,-1.23,0.19,-1.87,-2.58,-0.53,0.78,6.E-02 
3.7,1.91,1.09,0.61,1.09,1.E-02,1.62,1.07,0.85,1.17,0.2,3,0.51,2.38,0.61,2 
-0.33,1.02,1.28,-3.11,-0.45,-1.53,0.62,-0.54,2.29,-0.8,-0.53,0.67,-0.43,-0.71,-0.61,1.41 
-3.63,1.61,8.E-02,4.04,1.04,0.38,-0.31,-0.9399999999999999,1.48,-1.62,-0.73,0.45,-1.74,-1.71,-1.77,-1.82 
-1.84,-0.79,0.3,1.24,-0.82,0.1,0.79,-0.65,-0.55,-2.8,-0.33,-0.82,-1.39,-0.8100000000000001,9.E-02,-0.9 
-0.43,-0.3,-4.11,-3.28,-1.37,-1.43,-0.72,0.43,-0.43,-1.03,-1.5,-1.9,0.38,-2.59,-1.77,1.3 
0.26,1.64,0.73,-2.38,-4.E-02,-0.6,4.E-02,-0.6899999999999999,1.14,1.08,1.2,-7.000000000000001E-02,-0.58,0.98,0.88,1.13 
-1.7,-1.14,-1.87,-1.32,-1.88,-1.4,-2.35,-1.49,0.82,0.78,-2.12,-1.91,-0.65,-0.47,-5.E-02,1.41 
0.34,2.33,-0.79,0.6,2.03,1.79,1.98,3.42,2.02,0.91,1.77,0.82,-0.15,2.06,2.99,1.9 
0.5,-2.69,3.46,1.53,0.18,1.74,-2.03,0.58,0.68,0.74,-1.31,-2.38,-3.16,-1.05,7.000000000000001E-02,-0.9 
1.17,1.5,1.1,3.59,2.77,-0.36,-0.17,2.48,0.49,-0.63,0.12,-0.23,-0.85,0.23,1.72,0.45 
3.42,2.05,3.15,2.32,0.79,1.45,1.15,3.53,0.72,1.56,-1.37,-1.55,-0.34,0.97,1.28,0.87 
-2.86,-2.55,0.35,2.73,1.23,0.54,2.07,-0.76,1.17,0.89,-0.43,-0.54,-0.46,-0.52,-0.38,1.14 
-0.53,-0.15,-0.57,0.8,-2.33,0.12,0.11,-2.54,-3.E-02,-0.61,-0.72,-1.72,-2.84,0.82,1.03,-0.9399999999999999 
0.39,1.56,-2.5,-3.93,0.22,0.38,-1.2,0.74,0.37,0.5,0.35,0.74,0.18,-0.12,-0.9399999999999999,0.51 
-0.27,-1.1,-0.47,1.87,2.11,0.7,0.15,1.73,1.38,0.5,1.25,-0.92,-2.E-02,0.11,-2.4,-0.98 
-0.13,1.44,-0.73,-3.67,-0.83,-2.24,-0.6899999999999999,-0.71,-1.34,-1.39,-0.61,1.01,-0.35,1.57,1.34,-1.19 
-1.91,1.05,2.03,0.3,-0.86,-0.98,-2.68,-1.04,-0.28,8.E-02,0.99,-1.59,1.89,1.82,2.19,1.27 
0.15,-1.01,1.03,2.01,-0.12,-0.47,0.,-2.79,-0.72,-1.89,-1.82,-2.42,-3.11,-0.99,-2.29,0.13 
0.63,3.E-02,0.43,3.26,-0.53,-0.5600000000000001,1.44,0.41,-1.33,-0.49,0.98,-0.22,-0.26,-0.26,0.87,1.74 
-1.75,-1.09,-3.84,-1.37,-4.65,-2.58,-2.6,-5.65,-2.89,-1.09,-1.08,-1.97,0.51,3.15,1.12,2.09 
2.94,1.02,1.78,3.16,1.15,0.25,1.87,-0.1,0.5600000000000001,-1.07,0.11,-3.E-02,2.59,2.01,1.54,0.22 
-5.43,-1.32,-1.41,-0.34,-1.89,-0.35,-1.88,-2.27,-1.52,-0.68,-0.99,-2.25,-1.43,0.29,2.26,-0.39 
1.8,1.62,0.77,-6.E-02,-1.86,1.04,-0.97,1.94,1.22,0.93,1.34,-1.32,0.38,2.62,1.4,-0.5600000000000001 
1.61,-1.07,-1.07,-0.37,-2.41,-1.21,-0.13,0.5600000000000001,-1.11,-0.13,-6.E-02,-3.71,-0.64,-1.66,0.73,0.42 
0.35,-0.74,-0.25,-1.87,0.28,-1.83,-0.9399999999999999,2.82,-1.03,0.22,-0.67,0.54,1.6,0.24,-1.24,-0.75 
