REINTGCE,REPARASP,RESOCIEC,REOCCASP,REEDASP,BFINTGCE,BFPARASP,BFSOCIEC,BFOCCASP,BFEDASP,,
-0.1589,-0.1907,1.3383,0.1059,0.7642,0.6964,1.1615,0.1992,-0.5359,-6.15E-02 
0.6238,-0.5034,0.4089,-1.0177,4.E-03,-0.4918,0.3919,0.6483,1.1588,1.0896 
-0.4272,-0.3489,-1.4254,-0.794,-0.7241,-0.1512,1.0082,-2.4758,0.124,-1.3935 
-0.1505,1.2491,0.3563,-0.4363,1.13E-02,-0.9232,-0.3953,-1.5093,-1.2518,-1.7148 
0.5375,0.6726,-1.3937,0.6973,1.0942,-0.1008,-0.3531,0.5227000000000001,1.5224,0.7418 
-0.5095,0.8571,0.7804,0.1038,-0.5535,-1.1906,-0.6005,3.3E-02,-0.4575,-0.3572 
-1.6795,-0.2337,-0.5078,-1.2398,-1.2675,0.3018,4.7E-02,-1.7955,0.944,0.6319 
-0.8658,-1.2356,1.2501,-0.9553,-0.418,-4.11E-02,-0.4899,0.3777,-0.2286,-7.22E-02 
0.924,-0.948,-0.5588,0.2428,0.2569,0.9993,-2.03E-02,-4.01E-02,0.3507,1.2039 
0.5095,-0.6069,1.7401,1.038,-0.1278,1.0697,-0.619,1.1923,1.2655,3.9E-03 
-0.3474,0.4763,1.2967,0.513,6.05E-02,-2.1774,-0.8442,-1.0145,-0.6562,-1.7009 
2.3265,-4.92E-02,0.277,1.5313,1.2078,1.4069,-2.1045,2.115,2.1165,1.5906 
0.6938,1.7238,0.6369,1.4295,1.2017,0.698,1.6583,-0.633,1.8437,0.3061 
1.5107,0.7402,-0.7597,-0.7943,-2.5469,0.8383,1.1492,-0.6688,0.5311,-7.32E-02 
-0.5281,0.5406,-0.6783,6.59E-02,1.1989,-1.4427,0.9469,2.93E-02,-0.1698,3.63E-02 
-0.832,0.5897,-0.6532,-0.1771,-0.222,-0.4518,-1.0119,0.1561,0.9494,0.1401 
-0.6735,-0.7113,-1.7589,-1.0784,-1.9765,-1.8477,-1.3906,-0.2869,-2.6596,-2.5495 
2.0755,1.5188,0.598,1.4168,2.1612,0.5851,0.2925,2.1582,0.5523,1.1198 
2.1866,0.924,-0.4658,0.19,1.5279,1.0198,0.1622,0.4224,0.5604,2.174 
0.8658,0.4571,-0.1324,-0.1818,2.232,1.2374,0.438,-0.7805,0.4051,-0.3965 
-1.2205,0.4575,0.9255,-0.1817,-1.8098,-0.9424,1.134,-0.5071,0.6163,0.5451 
-1.865,-0.4335,0.2552,-0.6723,0.5351,-1.2603,-0.1537,1.0992,-2.22E-02,1.4311 
-2.1283,-0.4189,-0.9807,-2.0007,-1.4757,-2.364,-1.9599,-0.4101,-0.8110000000000001,-1.4283 
-0.8888,0.6524,-1.8933,-1.4937,-2.9028,-1.3862,0.4252,-1.2406,-1.8032,-2.3959 
-1.0895,1.7484,0.9826,0.3252,-0.2632,0.2477,-1.6105,1.7519,-0.6143,-0.5901999999999999 
-0.4909,1.0258,0.4753,0.5755,0.4574,0.3711,0.1394,-0.4201,-0.3227,-0.3485 
1.2205,1.5894,-0.5962,-0.2414,0.5914,-0.3386,-0.3629,0.2546,-0.4828,0.1913 
0.365,1.6774,0.2081,-0.3395,0.6179,0.9435,1.8475,0.9449,1.9309,2.114 
-1.1457,0.6147,0.1916,0.5878,0.4704,-0.4428,-0.3126,0.2223,-1.2398,-0.45 
-8.34E-02,0.5327,-0.6525,2.27E-02,-0.5333,-1.2961,1.0345,1.6235,-0.5097,-0.3 
0.2779,0.9958,1.1884,0.8594000000000001,0.4709,0.4953,-0.2081,-4.54E-02,1.4786,2.4778 
-0.1336,-1.5877,1.6127,2.2134,6.99E-02,-0.52,-0.6996,1.0045,-0.6612,1.74E-02 
-1.1033,7.35E-02,-1.5828,-1.562,-1.7539,-0.8606,-0.9512,0.7099,-0.7633,-1.7422 
-0.924,1.1982,2.2952,1.4161,0.9477,1.7228,0.8462,0.224,0.4331,0.8858 
-1.0231,-0.7216,-0.9769,-1.6939,-2.0286,1.3454,-0.8395,-1.3421,-1.0935,-1.4485 
-2.0755,-0.1508,0.3713,-0.8437,-0.5606,0.5497,0.761,1.5964,0.2003,-8.51E-02 
0.4272,5.7E-02,1.1505,0.1429,1.3042,-1.4341,0.1552,0.8177,-1.1733,1.0452 
0.6836,2.1115,-0.2844,-0.6617,7.820000000000001E-02,-1.6766,-0.6581,-0.3766,-0.8801,-0.3085 
0.4453,-1.2361,0.3327,2.0498,-2.41E-02,-0.775,-0.3406,-1.1872,-1.6378,-0.1721 
0.4817,-1.1216,0.9069,6.78E-02,0.8331,1.26,-1.0013,-0.4385,8.649999999999999E-02,0.3993 
0.1169,-0.4775,1.0001,0.3428,0.7641,1.2997,2.E-02,1.058,1.7836,1.2318 
1.2847,1.3423,0.1897,1.1654,1.4097,2.7795,1.3769,1.365,1.7969,0.6498 
1.4686,1.6441,0.4944,1.3215,2.176,1.3971,-0.1319,0.992,0.8396,0.5421 
1.4092,-1.4029,3.3218,-1.0112,0.5818,0.752,1.5814,0.9355,0.9363,1.3815 
-0.5375,9.93E-02,0.1213,0.1642,0.9353,0.7612,-5.38E-02,-1.4638,-1.6754,0.2586 
1.2051,-0.7243000000000001,0.7367,1.188,0.6911,0.1023,8.52E-02,1.2067,0.1886,1.0066 
1.3903,1.3479,0.6332,2.0118,1.1229,0.4572,1.1747,0.2477,-0.6234,1.044 
1.3359,0.6487000000000001,-0.6168,0.9655,2.0722,-0.4047,-0.5854,1.3985,-0.528,0.5971 
-0.2779,1.7601,-0.405,0.5489000000000001,1.4561,2.3937,0.3835,-0.4944,2.6724,1.6469 
0.4004,0.9077,2.02E-02,1.1825,8.93E-02,-0.4744,-0.5473,1.9605,0.1864,1.0296 
-5.E-02,-2.3485,-0.9118000000000001,-0.9166,-1.0235,-0.5773,-2.81E-02,-1.8234,-0.4816,-1.6354 
-0.735,-1.45E-02,-0.3368,-0.5682,-0.2993,-7.86E-02,-0.1316,-0.1507,0.2988,-6.510000000000001E-02 
1.5552,-0.5347,1.2562,-1.1473,-0.5822000000000001,0.8826000000000001,-0.4744,-0.9874000000000001,0.3938,1.5443 
0.8772,0.6539,1.2134,-9.97E-02,-0.1657,0.6748,2.2298,-0.9487,0.7761,0.1549 
-0.4093,0.6667999999999999,-1.8075,-1.074,-0.668,0.6842,-1.0636,0.9798,0.3377,0.725 
0.2436,-1.0111,-0.1911,0.5538999999999999,-0.3638,0.1976,-0.6335,0.6768,0.6631,-1.0015 
1.6273,-0.9379,0.9796,1.9302,2.2327,1.2446,0.3456,0.9403,1.3388,1.5569 
-0.1757,-0.5159,0.2504,1.1162,1.2283,-1.5603,0.4338,-0.5034,-0.724,-0.1463 
0.2266,0.2262,1.1521,1.2486,0.4069,1.068,-0.3081,-0.1395,0.9389,0.9113 
-0.4362,-1.585,-1.4913,-0.9125,0.231,-3.37E-02,-1.8031,-1.5218,-2.243,-1.8063 
0.1505,-0.2762,5.75E-02,-1.1514,-1.5364,-0.7632,4.82E-02,-0.7728,-0.2121,-0.8175 
-1.5107,-0.9044,0.8124,-0.8932,0.2547,0.9767,0.2861,-1.3174,-0.9836,-1.2706 
0.7143,0.3486,-7.190000000000001E-02,0.1288,-7.43E-02,0.5024,-0.9524,-2.63E-02,-0.2809,0.9355 
1.5785,-0.2926,0.4559,0.4263,-0.2123,0.3306,0.7402,0.377,0.1765,0.5327 
0.7774,2.7908,1.0424,2.0673,1.2406,1.4836,1.302,-0.6333,1.5948,1.6892 
1.2361,2.7884,0.3582,0.3993,-0.2164,-0.3938,4.84E-02,-1.3988,-1.8057,-1.4067 
1.1172,1.9964,0.199,0.9774,0.6637999999999999,0.1218,2.3969,0.1278,0.8411,0.4502 
-0.6836,0.6651,-0.2485,-1.1749,-1.7228,-0.6225000000000001,0.25,-0.823,-0.8423,6.94E-02 
-0.9602000000000001,-0.6775,-0.2208,0.1042,0.6785,1.5541,-0.6958,-0.8748,2.0474,-0.5074 
2.5E-02,4.74E-02,-1.0059,0.8532999999999999,8.799999999999999E-02,0.4884,1.2679,1.7709,-0.5491,0.7877 
-0.2096,0.8225,-0.5011,-1.44E-02,-0.5518999999999999,0.267,1.4798,0.1942,1.6105,0.3889 
0.3562,0.5672,-0.9026999999999999,-0.1685,-0.6518,0.3739,-1.2113,1.4267,0.2469,0.8007 
-0.3212,0.6398,0.1087,-1.0324,-0.3699,0.9019,-0.4874,0.1607,6.15E-02,-0.1034 
2.1283,-0.9213,0.1867,-0.7386,-0.1648,-0.2884,1.069,0.469,-0.7879,-1.0188 
0.1001,-0.9362,0.5831,-0.3903,-3.7E-03,-1.0022,-1.1897,-1.6446,-0.5803,-1.136 
-1.1314,-2.282,-0.2758,-0.1683,-0.7936,0.8975,1.0921,0.5131,0.1164,0.3721 
2.5199,0.2772,1.5143,0.6028,0.6207,-6.72E-02,-1.0165,0.4209,0.6824,-0.1639 
1.7359,0.9863,0.774,2.3742,0.7008,1.9521,0.4638,1.0069,1.5597,0.6758 
-1.4483,-1.1026,0.1342,-1.4122,-1.3314,0.5293,-0.5429,0.6825,0.3348,-0.3925 
0.2351,-0.2186,0.7299,0.1431,-3.39E-02,-0.4006,-1.4185,0.254,-0.1063,1.2298 
0.735,-0.5636,0.3222,1.1562,0.5193,1.2328,1.2111,0.3098,0.9156,0.2909 
-0.142,0.7969000000000001,0.4436,0.3881,-0.2407,-1.2384,0.2775,-0.6204,0.3309,0.1241 
0.3826,-1.7303,0.8991,0.227,1.4532,-0.1033,0.7915,-9.58E-02,3.93E-02,0.367 
2.8581,2.4637,-0.2121,1.9634,1.7181,1.1205,0.317,-1.3061,0.1908,1.266 
1.3718,-0.1479,-6.33E-02,0.9263,-0.2211,0.5704,0.734,0.6246,9.55E-02,-0.1949 
1.3015,-0.7661,-0.504,1.1731,0.8565,0.3422,0.2716,0.1469,0.4362,1.8E-02 
1.4285,0.5436,-0.8241000000000001,-0.6491,0.1682,2.3555,-0.7054,2.0688,1.0036,-0.5478 
-1.9823,-1.1295,-0.4418,-1.6734,-0.4918,-2.491,0.4979,-0.2198,-1.6566,-0.9107 
0.1842,0.1169,3.03E-02,-0.9457,-1.3223,-1.5975,0.672,-0.3795,-0.2781,-0.5977 
0.3738,0.8071,-0.1024,-0.2698,0.6772,0.1847,0.5361,0.529,1.3548,0.5889 
0.4635,1.2259,-0.2063,-0.6894,-0.914,9.1E-03,0.4185,-0.3056,-1.2172,-2.1211 
-1.9407,-0.3492,0.4382,8.400000000000001E-02,-0.7332,0.1768,-1.0852,1.3162,-0.5592,-0.2678 
-1.3903,0.3256,0.1805,-0.7786,-1.0648,-0.6997,-2.5449,1.1006,-0.7593,0.6865 
0.3386,-1.0691,0.6899999999999999,1.7476,-0.5293,1.402,-0.1004,1.2404,0.878,-0.7542 
-1.3718,-1.392,-5.42E-02,-1.5387,-2.3212,0.9772,0.5416,-1.1964,0.4039,-0.5296999999999999 
0.9121,0.1383,-1.906,1.4178,0.7355,1.7839,0.5393,0.2991,8.82E-02,0.3606 
-0.9975000000000001,1.0608,-1.5876,0.5268,-0.5655,0.8008999999999999,-0.3255,-0.1546,0.1603,-0.8276 
0.8099,0.7961,0.7734,0.3732,0.1445,0.2915,0.1535,-0.2559,-1.0061,-0.4208 
0.3125,1.2109,-0.7496,-0.6762,0.2329,4.45E-02,0.3973,-1.5504,0.2425,-0.662 
0.2011,0.4187,-0.3915,1.9374,0.8274,0.778,0.1091,0.9009,1.496,0.2612 
0.9725,2.4543,1.4967,0.6815,1.0037,0.2126,-1.5002,1.07E-02,0.7602,0.2214 
-2.5199,-1.1648,-2.1526,-1.0281,-2.1681,-0.7692,-0.5639999999999999,0.1804,-6.84E-02,-0.2105 
-5.84E-02,-4.88E-02,-0.1021,0.955,0.4548,-0.3774,-7.630000000000001E-02,-0.7496,-0.2215,0.3877 
2.252,-0.175,1.669,0.2603,0.9196,0.9782999999999999,3.0556,0.3167,-0.5047,1.9465 
-1.7071,-8.96E-02,-0.4744,-1.0449,-1.2836,-8.09E-02,0.7271,-0.329,-1.3487,0.1617 
1.252,0.6835,1.162,1.9009,2.6971,0.1176,0.7271,0.8199,0.5163,1.8984 
-0.948,0.5787,1.1001,-0.4236,1.2E-02,0.8194,-1.0831,0.9286,-1.02,-0.1192 
0.1253,2.2855,0.6584,1.6227,2.6081,0.6049,1.0934,-0.2449,0.5816,0.6237 
1.6025,0.2939,-1.4494,0.5325,-0.6771,1.59E-02,1.0794,-0.2687,0.149,3.67E-02 
8.3E-03,0.2878,-0.9205,-0.1075,-1.1318,-2.2576,-0.235,-0.7459,-0.5537,-0.7423 
-2.8581,-0.5854,-2.3708,-1.5516,-1.9991,-2.262,-0.4108,-0.1309,-1.1971,-0.5508999999999999 
-0.8099,-0.4084,-5.78E-02,-1.149,-0.5669999999999999,1.478,0.9877,0.9307,-0.2918,1.7785 
0.1336,0.208,-1.3238,-0.9689,-0.4427,-0.3866,-2.2413,0.8504,-1.485,-0.8331 
-6.67E-02,-1.2613,-1.1404,-0.3342,-1.2767,-3.81E-02,0.8409,-0.4853,-0.3719,-0.2461 
0.7561,-1.4637,-0.2205,-0.3259,0.4544,-6.419999999999999E-02,-0.6127,-0.2191,0.2691,0.3501 
-0.1085,1.0496,0.7378,-5.94E-02,0.9727,-0.3444,0.1432,0.6456,0.2634,-0.3964 
0.5002,0.4027,0.3823,0.7009,1.4325,1.2955,0.9285,0.6987,0.6733,1.2244 
-1.6529,0.8566,0.4025,-1.5968,0.1292,-0.5941,-1.4399,1.3819,0.4353,-0.9755 
-1.67E-02,1.5937,0.7018,-1.109,-0.4494,1.3234,2.279,0.829,0.1447,0.894 
0.2181,-3.48E-02,0.3074,0.1554,1.086,0.7799,2.6916,1.9034,2.1312,0.9022 
0.832,0.8399,1.7356,1.0224,0.5077,1.8705,1.3692,0.2426,2.9634,1.9143 
0.2096,-1.9475,-2.1482,-1.0091,-0.9183,-0.1108,0.6244,0.5651,-0.5286,0.6574 
9.180000000000001E-02,0.7069,0.1767,-0.9449,-0.4963,-0.1342,0.5663,0.2352,1.0598,0.1197 
-1.3185,-1.1371,-0.5008,-0.3354,-0.7158,-6.2E-03,0.5524,-0.3376,-0.5218,0.3507 
0.3474,-2.0158,1.233,0.5917,-0.2959,0.1579,-1.4717,0.1347,0.5268,0.8307 
0.142,0.5693,1.525,0.5108,1.7635,-1.6488,-5.11E-02,-1.2929,-0.2985,-1.0982 
-0.985,-0.2237,0.7568,-1.1516,-0.4671,-0.9573,-0.3711,1.331,-0.3742,-0.511 
0.948,-0.535,1.9854,1.6016,1.8526,1.2118,0.6714,3.5603,0.7081,2.0032 
-0.5564,-0.7806,0.2799,0.2924,-1.1346,4.45E-02,0.6282,1.421,2.3505,1.3956 
-0.4817,0.2762,-0.2706,1.02E-02,-0.3213,0.7703,1.6789,-0.9005,0.5537,1.0926 
-1.9017,-0.8013,-1.3095,-1.0075,-0.5605,-1.2187,-0.4492,-1.7678,-1.6113,-1.1418 
0.2865,0.2107,3.11E-02,0.1144,0.5029,-0.66,1.2693,0.3599,-0.4577,-1.1597 
-0.1001,0.6425,9.41E-02,1.4275,2.3998,-1.1018,1.1011,0.7242,1.5111,0.1934 
0.2522,0.8444,-0.5877,-0.8041,-0.8472,-2.3899,-1.0756,-0.1236,-1.9474,-1.0846 
0.6435999999999999,0.6667,0.9686,0.6247,0.6963,0.4847,-0.6743,0.5286999999999999,-0.3067,0.4704 
-0.6435999999999999,-1.8908,0.2907,-1.3661,0.2187,-0.5416,0.5856,-0.7929,-0.5578,-0.5266 
-0.4004,1.6897,-0.6455,-0.2463,-0.905,-1.7057,-0.1517,0.4919,-2.0559,-2.6555 
-0.9725,1.124,0.9852,0.4012,-1.1439,-0.6805,1.0705,-0.2649,5.29E-02,-0.2863 
-1.0492,0.9602000000000001,0.4606,-1.7618,-0.4756,-0.5337,0.6922,-1.4307,-1.186,-1.9705 
-0.6635,1.2516,0.1343,0.5068,0.5798,-1.5901,-0.9246,-8.459999999999999E-02,-0.3638,-1.501 
1.7973,-0.7153,-0.52,0.6883,-0.8515,2.6108,1.2336,1.602,2.2648,2.2947 
-0.9360000000000001,-1.9171,8.58E-02,-0.2392,-0.5436,-0.7129,0.5875,-0.6052,-1.05E-02,-1.1103 
1.0759,0.1115,2.3458,0.7594,0.7884,-0.8359,-0.6866,0.425,1.0795,0.7282 
0.2952,-0.3119,4.49E-02,0.1464,1.4844,-0.9262,-2.651,0.8292,-1.3278,-1.2266 
-7.51E-02,0.3231,1.2159,-0.209,0.9104,-0.1544,-0.747,7.489999999999999E-02,-0.5994,0.3722 
0.7455000000000001,1.982,0.6343,1.3129,1.642,0.2063,0.3917,-0.4051,-0.1729,0.6435 
0.4909,0.1235,1.9538,1.7622,0.2831,-1.0914,-0.5165,1.6646,-0.3111,-1.6072 
0.6337,-1.3238,-0.2497,2.37E-02,0.1385,-0.7018,-0.4948,-2.0179,1.7909,2.2292 
1.3185,0.8056,-2.6859,-0.4356,0.2266,-0.4592,0.3271,-1.0804,0.6252,-0.1361 
0.1673,2.0547,-0.1515,2.3372,0.2389,0.7085,0.1862,0.1338,2.3614,0.9838 
-0.4544,-1.7277,-1.2035,-2.0099,-1.6655,-0.9707,-0.9373,0.7292999999999999,-0.4124,-0.5798 
0.5754,0.4827,-0.6872,0.1839,0.4713,0.5768,1.9068,-1.2688,0.3204,4.1E-02 
0.704,-0.1104,0.9022,0.4569,0.6524,0.6961000000000001,2.0256,-0.8065,0.3377,-0.3382 
-2.6573,-1.3121,-1.3452,-1.4448,-2.2265,-3.96E-02,-0.3017,-0.503,-0.7971,-0.1903 
0.1926,0.3486,-0.8828,0.8106,2.1024,1.1493,1.0621,0.5014999999999999,1.6094,1.4695 
1.1602,0.16,1.527,0.2477,-8.68E-02,1.2785,1.0195,-0.6262,1.1867,1.1121 
-0.5469000000000001,0.3461,-0.2202,-0.3941,0.212,2.7111,0.9412,-0.6723,-0.4029,0.8793 
1.7659,-2.7191,2.4797,1.1946,1.5327,2.1637,0.1496,0.8305,0.5613,2.87E-02 
-1.7359,-1.6739,7.7E-03,0.3725,-0.2145,-0.4112,-1.878,-0.998,-6.19E-02,-0.4291 
-0.8209,-0.2737,0.2734,-5.03E-02,0.1064,1.111,-0.6429,0.1574,1.6889,0.4187 
1.0895,0.3179,-0.2214,-0.2847,0.2388,-4.3E-02,0.1384,1.2903,0.7781,0.4779 
-0.2181,1.3008,-0.1928,0.993,0.6552,-1.3032,9.4E-03,0.3785,0.5817,-0.2126 
0.5659,8.83E-02,-0.7044,8.38E-02,-1.7575,-1.2728,1.3199,-1.2945,-0.7492,-0.4832 
-0.9121,1.2228,-0.4491,-0.7411,-0.7823,-0.6937,-4.7E-02,5.45E-02,-1.2264,-0.7398 
0.3212,0.4699,-1.3208,-1.3576,-1.932,-1.4507,-0.9424,-2.9264,-3.3639,-2.7697 
0.3299,0.8046,0.4947,-5.25E-02,4.39E-02,-1.9103,-2.0694,-0.2101,-0.5221,-0.6499 
1.1033,0.346,0.2344,0.8209,0.9388,-0.1286,0.2645,0.1884,0.4384,0.1635 
-2.252,0.3243,-0.6823,-0.271,-2.86E-02,-1.0802,0.4317,-0.9409,-1.3908,-1.4432 
-0.704,-0.6221,-2.4362,-0.7085,-0.6166,-1.8406,-0.1766,-1.7738,-1.0622,0.1958 
-1.2682,1.189,-1.0537,0.1549,0.2768,-1.2979,0.27,-0.1465,-1.0996,-1.3936 
-1.1172,-0.8014,-1.0947,-0.6562,-1.3088,-1.8337,0.302,-8.78E-02,0.4724,-0.1706 
2.6573,-1.3025,-0.9024,0.6123,1.78E-02,2.3186,-0.148,2.4679,1.3541,1.9839 
0.4362,-0.2119,-0.3157,0.2037,0.6338,-1.7216,-1.7162,0.2372,0.2798,-0.2398 
1.5327,-1.7419,-0.9806,1.3457,1.0927,0.6002,6.67E-02,-0.3265,0.9571,-8.400000000000001E-03 
0.5469000000000001,-0.2576,0.7475000000000001,1.5249,0.7502,-0.8609,-0.4022,5.9E-03,0.8595,-0.5875 
0.6635,-1.2315,0.2684,0.5991,0.9667,-5.81E-02,0.8286,-0.6822,0.2185,-0.3836 
-8.3E-03,1.8744,0.8968,-0.8182,0.7088,-0.5479000000000001,0.1371,-1.4686,-0.7338,-0.6048 
-1.252,-0.6332,-1.4464,-0.3195,-1.1598,1.4098,-0.6851,-1.6672,-1.1138,-0.249 
-2.0271,1.0478,-1.3053,-1.063,-0.9432,-2.75E-02,0.5974,-0.5168,-0.1032,-5.4E-03 
0.1757,1.0774,-1.7956,-0.4593,-1.5779,-1.1776,-1.5207,-0.6732,-0.1123,-0.9936 
-2.1866,-1.405,-0.8263,-1.0927,-1.1342,-0.5865,-0.2257,-0.6824,-0.1494,3.76E-02 
-1.3015,-0.614,-1.292,-0.7415,0.9428,0.1297,-3.32E-02,-2.2227,-1.3877,-0.8705000000000001 
1.4483,0.1927,-1.019,-0.1311,-1.485,0.4501,-0.2207,6.73E-02,0.1858,0.9913999999999999 
-1.4092,-1.227,-0.2986,-0.4366,-0.8048999999999999,0.2943,0.3383,-0.5709,-1.8467,-1.2077 
-0.4635,-0.1076,0.5837,-1.5E-03,-0.8736,-0.1145,1.6796,1.4778,-0.4182,0.7305 
1.1314,0.9345,0.9892,0.8329,1.3553,1.2573,1.9054,-0.7509,4.12E-02,0.7099 
-1.4686,-1.2549,0.4838,-0.5948,0.5535,-1.8952,-0.3417,-0.1765,-1.453,-0.3534 
4.17E-02,0.1655,-1.3302,0.4134,-0.1446,-0.126,-0.8734,-0.9979,-0.2743,-1.6346 
-9.180000000000001E-02,0.3958,-0.2604,1.1195,1.0017,1.1447,-1.0726,-0.1319,1.4418,-0.3885 
0.4544,-0.3997,1.2532,-0.3293,-0.4751,0.7406,0.4764,0.5715,-0.2368,0.4885 
-0.7667,0.6755,-0.6057,-0.6433,-0.6439,-2.3274,-1.5883,0.6395,1.2983,0.8213 
1.6529,0.3408,-0.3971,-0.1128,-0.253,1.1447,-0.3124,0.6704,2.5621,1.5955 
-0.799,0.1087,1.9502,0.995,1.7685,-1.6477,-0.7773,0.962,1.3559,-0.6071 
-0.8544,0.9373,-0.2652,-0.6979,-1.1557,0.8669,0.1816,0.6839,0.4987,1.1217 
-0.3125,-0.1453,1.5381,0.7589,0.9044,0.608,1.4366,0.5787,0.7455000000000001,1.8766 
-0.3826,3.1125,0.9932,1.4469,1.7823,-0.8739,1.6617,0.2529,1.0068,0.8188 
-0.9004,-0.6346000000000001,1.0682,-1.0356,-1.7629,1.9552,-0.1919,0.4318,1.0899,0.6932 
-0.1842,0.5415,0.8185,-0.734,-0.2295,0.375,1.8084,0.2453,-0.7758,1.0657 
-0.5754,1.5745,0.3707,0.538,6.87E-02,1.7426,-1.0253,1.0836,0.2485,0.8959 
-3.33E-02,-0.8802,0.8994,-0.2162,0.8475,-4.03E-02,-0.4533,-0.1836,-0.5058,0.1133 
0.7667,-0.1434,-0.1799,-0.8842,-0.1906,0.2074,0.355,-1.4176,-0.2399,-0.3126 
1.67E-02,-0.2891,0.4369,1.3235,0.3366,1.3251,-0.5576,1.5872,2.9E-03,7.35E-02 
-0.6938,1.1118,0.6264999999999999,-1.4E-02,-0.3935,-0.1486,1.5734,-4.22E-02,1.3609,1.0157 
1.0625,1.5129,0.4544,0.3435,0.7342,0.7164,-0.1411,-0.5093,-1.6908,-0.2523 
-0.2351,-0.728,0.2625,0.5637,0.7165,-0.2956,-0.3795,0.1599,0.2931,0.1525 
0.8544,-0.478,0.4438,-0.1346,-0.9099,0.5351,-0.8436,0.195,-0.3363,-0.9734 
0.9004,1.0078,0.3427,-0.9459,-0.2057,0.2681,1.0165,-0.9567,0.9114,0.442 
8.34E-02,2.7877,-1.2938,-0.2848,0.6397,1.3973,1.5989,-0.6903,4.33E-02,0.7244 
1.865,-0.6651,-0.3374,0.8773,0.9903999999999999,0.2444,0.7483,-0.6402,-0.4942,-0.7534999999999999 
-0.2522,0.1474,-0.2534,-0.6057,-1.1093,-0.5034,-8.3E-03,-0.1593,-2.1248,-1.6836 
-1.4285,1.0978,-0.7761,-0.3548,-0.5265,0.8038999999999999,-1.45E-02,-9.98E-02,-0.2198,-0.5246 
3.33E-02,1.0764,0.1942,-0.6375999999999999,-0.4878,-0.6767,0.7635,0.5302,0.8361,0.8080000000000001 
0.5281,-2.0997,-1.1741,-0.2024,-2.0283,-0.2365,0.1422,0.2349,-1.396,-9.93E-02 
1.9017,0.2133,0.5538,-1.5187,-0.9744,-0.1392,-0.4091,1.4928,-1.282,-1.0443 
1.4894,0.7936,-0.7314000000000001,-1.5189,0.7134,0.2214,-0.5006,0.2312,-1.2321,0.6606 
0.9975000000000001,-0.4171,-0.6641,0.8764999999999999,0.7885,1.3084,7.9E-02,-0.6381,-5.08E-02,-0.3589 
-3.331,-1.3344,-0.4939,-0.5463,-1.1451,0.6193,-1.2121,0.9303,0.1024,-0.464 
-1.6025,0.5848,0.2523,-0.4321,0.6898,-1.4647,-0.8416,0.6793,0.2659,-1.6679 
-0.8431999999999999,-0.3528,0.6075,-0.282,-1.3805,-0.3283,1.6765,-2.2226,0.6153999999999999,6.850000000000001E-02 
-0.585,-4.52E-02,-1.2852,5.53E-02,0.7204,-0.5608,-2.0241,-0.8334,0.2427,-1.0149 
0.3915,-0.5596,-0.5504,0.2352,-0.1389,-0.7461,1.89E-02,-0.3756,1.2284,0.1944 
-0.2865,-1.8515,1.766,-0.2698,-1.468,-0.5718,1.4723,-0.309,0.7872,-8.119999999999999E-02 
1.2682,2.0684,-0.1794,0.3466,-0.1887,-0.5052,-1.1685,0.1697,-1.1285,-1.8746 
-0.6337,2.1541,-0.4336,-1.9663,-0.5648,0.478,0.2557,-1.0215,-1.1641,5.13E-02 
1.6795,-0.8143,-2.083,0.3647,-0.1492,0.7451,-0.9465,-0.2311,-0.7492,0.1776 
-0.5188,-0.2849,-0.491,1.3611,-0.1189,-8.699999999999999E-03,-0.3232,0.6122,-1.4336,-1.2262 
-1.6273,-0.5434,-1.1341,0.197,0.1254,-1.1056,1.9969,-1.2801,-1.2843,-0.6695 
-0.5659,-0.9548,1.0596,0.6037,-2.32E-02,0.6985,-3.1646,-0.5538,1.3926,0.3505 
0.2608,-0.8194,-0.5276,0.3304,0.2983,0.7633,-0.7178,2.5184,1.2686,1.1047 
-0.3299,0.4442,1.8128,0.7368,1.5888,1.0465,1.3476,1.1416,0.6575,7.91E-02 
-0.2693,-8.459999999999999E-02,1.8376,0.3213,0.6915,0.3169,0.2237,0.592,8.400000000000001E-03,1.7412 
0.7881,1.2777,0.5189,-0.6585,0.3023,0.6964,-0.5382,-0.5929,-1.7545,-1.3461 
1.8303,-9.229999999999999E-02,0.2697,0.4353,0.5115,1.1203,2.3292,1.5759,1.3291,1.2945 
0.8888,0.9942,-0.262,-0.261,-0.3442,-0.399,-1.0133,-4.51E-02,1.5662,-0.7835 
-2.4138,-1.8084,0.5984,-2.1839,-0.6394,-1.5212,-0.1787,-1.4463,-0.6677,0.416 
-0.6141,-1.0914,-2.5424,0.9053,-0.919,-1.5529,-0.6318,-0.9553,-3.449,-2.9076 
-0.7143,-0.1144,-0.5692,0.3088,-0.8603,-2.2E-02,-0.1918,-5.5E-03,-0.8044,-0.8363 
-1.1749,-0.9661,-2.14,-2.495,-1.727,-0.7091,-0.366,-1.2818,-1.6461,-1.6944 
-0.3562,-1.1287,-6.24E-02,0.5147,0.4196,-0.4997,-0.3628,0.5059,0.3306,-0.7533 
-1.2847,0.4501,-0.3806,-1.5186,-0.9947,0.4035,-0.9913999999999999,0.4939,0.4067,0.7738 
-0.1169,0.6279,0.3562,0.8411999999999999,0.2846,0.8134,2.0005,0.1061,1.227,1.4503 
-0.7881,-0.4597,0.3309,1.3262,0.4449,-0.6378,-1.4227,-1.5333,0.5765,-0.3469 
0.6735,-0.8621,2.4289,0.1319,-0.206,1.0134,-0.4363,0.7816,0.6006,0.4626 
0.6535,-0.3614,0.4739,-1.2039,0.2215,-0.6637999999999999,-1.2378,0.6086,-1.1605,0.7278 
-0.4453,-1.0792,0.3309,-0.5612,-1.3791,-0.4361,-0.6394,-0.5023,0.8804,-0.3755 
0.8431999999999999,-2.5242,1.033,-0.1808,-0.4474,0.3418,0.5014,-1.7035,0.5637,-0.7364000000000001 
-0.3038,-1.38E-02,-0.7621,-0.9735,-1.785,-0.2024,1.0487,-0.506,0.8887,0.6382 
-0.7561,-0.3199,-0.8465,0.1581,0.2298,4.56E-02,-0.3846,0.6089,0.9748,0.3099 
1.0231,2.22E-02,-0.5525,-1.4111,-0.5833,0.1532,-0.5682,-0.1521,-1.1888,-0.3839 
1.1749,-0.397,-2.28E-02,0.4001,-0.1307,-0.298,0.2357,-0.743,0.4391,-0.9442 
-1.2051,0.8527,-0.8163,-1.2121,-1.0669,0.2564,-0.9204,-1.6175,-0.5694,-1.131 
-0.4183,-1.2269,-1.079,-9.039999999999999E-02,-0.497,-1.8803,-0.3701,-0.1254,0.6736,7.69E-02 
0.3038,-1.2581,-0.3595,-6.39E-02,-0.5663,-0.6272,-0.7225,-0.6875,-0.2886,-0.3491 
5.E-02,-1.0262,-2.0134,-0.2693,-0.5423,-2.681,-0.4326,-1.2902,-1.9085,-3.8228 
0.1085,-0.5442,0.1296,-0.5229,-0.4778,1.2947,0.2964,1.069,0.7416,0.6213 
-0.6042999999999999,0.6989,-0.1037,0.836,1.3651,0.2378,-0.197,0.7725,-0.8347,0.4742 
-1.3537,1.0353,1.2303,0.9691,0.4736,0.2466,-0.4069,0.9844000000000001,0.1916,1.9113 
0.5564,-2.4116,2.6095,2.0494,-0.1725,-0.3724,1.3255,1.5316,0.1879,0.31 
1.1899,-1.5384,-1.4603,-1.8421,-0.5141,-8.1E-03,-0.9406,0.5731000000000001,-0.3557,-8.400000000000001E-02 
-0.1926,0.7074,-1.2306,0.5533,0.7785,0.1869,-0.1438,-0.6567,0.8985,-0.2886 
0.6141,-2.2623,-0.1582,1.2731,-0.1058,1.9373,0.3038,1.9541,2.326,1.0686 
1.0361,-0.2898,-1.0953,-1.4904,-0.2274,-0.6357,-0.2228,-0.7752,-0.7317,0.2819 
-1.0361,-0.1165,0.764,0.6958,0.2102,9.06E-02,-1.6242,-0.1487,-0.4812,-0.5691000000000001 
0.585,0.7887,-5.92E-02,0.3508,0.6011,0.6922,1.3729,-0.4368,0.141,-0.255 
-1.7973,-2.2492,0.5897,0.2851,-5.2E-02,-0.1649,-1.4002,9.59E-02,0.7039,-0.3503 
-1.7659,-1.7773,-0.523,-0.1726,-0.9214,-1.0841,1.9518,-1.1112,-1.0816,-1.2948 
-0.3738,-0.2599,0.2919,-0.7663,0.2401,-0.9385,-0.929,-0.5824,-0.5285,-0.5784 
-0.365,1.0042,-1.6218,0.5081,-1.45E-02,0.5938,-0.6114000000000001,-1.2319,0.1307,-0.4804 
1.7071,-0.9549,1.9308,0.1805,2.0951,2.4297,-1.9506,1.0023,0.4287,0.1391 
0.6042999999999999,-3.9E-02,-0.3737,0.2991,0.1211,-0.2767,-0.44,-0.6123,-1.0682,-0.9073 
0.7246,1.4812,1.3854,-0.7495000000000001,-0.2657,-0.3836,1.007,8.6E-03,-1.9963,-0.4758 
0.2693,0.125,3.65E-02,0.1149,0.1583,0.3114,0.7097,0.8393,1.3254,0.6498 
-1.3359,-0.5826,1.2285,-1.6662,-0.4137,-0.3216,0.1171,1.3046,0.7507,0.5393 
-1.1602,0.8208,0.3498,0.1949,0.5119,-0.2797,-0.7147,-1.1037,0.3955,-4.05E-02 
5.84E-02,-0.2356,0.2075,-0.1081,9.4E-03,-0.4024,0.1576,-1.3635,-1.363,-0.9762999999999999 
-1.4894,0.5658,0.4547,-0.4761,-0.717,-0.6573,0.5367,-0.2743,-1.2353,-0.9215 
-4.17E-02,0.6395,-1.1659,1.2305,-0.8498,-1.1751,-0.1445,-0.1964,7.01E-02,0.3272 
1.0492,0.3145,0.8725000000000001,0.2388,-0.2019,1.8381,0.6226,0.6036,1.2121,1.5697 
0.5188,-0.8671,0.2643,-1.3204,-0.2346,-7.23E-02,0.3636,-1.8E-02,-0.6155,-0.1347 
-1.5327,-1.0872,-1.0157,5.81E-02,1.0721,0.6097,0.6292,0.4955,0.7317,0.9566 
-0.3386,-0.1205,-0.8070000000000001,-0.1294,-5.57E-02,0.3435,0.9229000000000001,-0.3962,0.6579,0.6327 
-0.1253,0.4392,0.3827,2.703,1.8434,1.292,0.2159,2.8897,2.5174,1.8465 
0.9602000000000001,-1.3511,-0.4071,-0.9157999999999999,-0.2499,0.9084,0.2992,-0.7046,0.3064,-0.1909 
0.799,0.8592,0.4783,-1.4034,0.1504,-1.3725,-0.4359,-1.0972,-1.1492,-0.1864 
-0.2266,-0.5661,-7.79E-02,-0.4432,-1.0436,-0.1647,0.5059,-0.2287,-0.5168,-1.1519 
-1.0625,0.2451,-1.0436,0.6129,-0.2395,1.0432,-0.8972,1.2307,-0.146,0.5357 
-0.1673,-1.429,0.1604,9.45E-02,-0.6863,-1.0953,-1.7855,0.5948,-6.000000000000001E-04,-0.4663 
6.67E-02,0.1239,1.435,0.6498,1.8596,-0.7359,-0.4485,-0.5301,-1.2395,4.38E-02 
1.1457,0.4065,0.3563,-0.2699,1.0638,1.9225,-0.9330000000000001,0.2632,-0.2516,1.5965 
0.4093,-0.4869,-0.6659,-0.7006,-0.3269,5.43E-02,-0.5364,-0.8055,-0.4727,0.3081 
3.331,0.6028,0.4291,1.6601,1.1895,-0.138,-0.3504,2.0075,0.7842,0.7752 
-0.4726,-1.6166,-0.7004,-0.7337,-1.9883,-2.79E-02,-0.2826,-0.8346,0.1274,-6.88E-02 
0.985,0.2317,2.69E-02,-0.2343,0.7034,0.2571,5.7E-03,-0.1823,-1.1297,-0.6587 
-1.2361,-0.3515,0.2093,-0.5586,0.7776999999999999,-0.473,-2.1455,-0.286,-0.541,-1.9853 
-0.2011,-0.9858,-0.4503,-0.4249,-5.72E-02,-1.2121,-1.4965,0.8809,-0.9712,-1.242 
-1.5552,0.5724,1.0837,0.7896,1.7921,-0.1541,0.539,0.6073,0.3523,2.1244 
-0.2608,3.89E-02,0.9157,1.7163,1.2783,0.5497,0.7828000000000001,-0.1899,0.9065,-3.42E-02 
-2.3265,-1.6021,-2.6931,-0.3298,-1.898,-3.09E-02,1.5158,0.5044999999999999,-0.1412,-0.2799 
0.4183,-0.9752,-0.5802,-0.3159,-0.5028,-0.7066,1.4671,-1.1398,0.1953,0.7692 
0.,-0.9051,1.3111,-0.4906,0.3063,0.9445,-0.7161,1.133,0.638,1.2371 
1.9407,0.4631,2.195,0.3855,-0.2893,0.4323,-1.0436,1.9162,9.030000000000001E-02,-0.3742 
-0.5002,1.8181,-1.1134,1.2635,-0.7945,-0.9134,-0.2434,-1.9105,-0.7751,-0.3068 
-1.0759,-0.7986,-0.157,-1.244,-0.678,1.0216,1.8265,0.8747,0.9798,0.6378 
-0.7246,0.1469,-1.6907,-1.0471,-0.1135,-0.2806,1.3505,-0.7959000000000001,0.1817,0.8441 
-0.8772,1.132,-2.7729,-0.2875,7.580000000000001E-02,-0.9323,1.0248,-0.9637,-0.4697,0.7516 
7.51E-02,0.532,0.7688,0.4413,0.8545,-1.0231,-0.4749,0.1003,1.61E-02,1.027 
0.5946,0.4462,2.1886,0.4209,0.2951,1.0051,-1.0003,0.3192,1.5012,2.3889 
-1.1899,0.1098,-0.6556999999999999,-0.6942,-0.5534,-0.8371,0.4591,-0.6153999999999999,-0.9209000000000001,-0.4968 
0.1589,-1.8719,0.7131,1.3096,0.6038,-0.665,-1.5468,0.2487,0.105,-6.59E-02 
1.3537,-0.4972,1.8234,2.0574,1.5336,0.8528,-2.0806,-1.6963,1.2634,0.6481 
-0.3915,0.5303,-0.302,9.49E-02,-0.2967,0.5723,-0.4981,-6.270000000000001E-02,0.5114,-0.8058999999999999 
-0.6238,-0.3637,-0.8260999999999999,-2.9958,-2.4833,-1.4116,0.4854,-2.052,-2.1317,-1.0216 
2.0271,1.0335,0.5004999999999999,0.3107,-0.2124,0.1361,1.1311,-0.3242,-6.87E-02,-0.232 
-0.5946,-1.0174,-1.1794,-0.3437,-0.7429,-0.8504,-1.8966,1.2508,-2.5334,-0.5948 
-1.0102,-1.6139,-8.43E-02,-1.6914,-0.3136,-0.949,0.1485,-1.4586,-2.2463,-1.458 
-2.5E-02,0.2285,0.402,0.6395,0.7963,-1.2448,1.5171,-0.4674,-0.4213,-0.1124 
-0.7455000000000001,-0.5142,-1.0576,-0.6061,0.5254,-4.49E-02,-1.1019,0.659,-0.8703,-7.000000000000001E-04 
-0.7774,-1.0805,-1.3176,-1.3035,-1.475,0.1949,-0.5333,-0.752,-0.9911,-1.3693 
-0.6535,-1.4949,-0.7032,-1.3703,-1.2609,-1.1943,-0.9512,1.5392,-0.7027,0.2581 
-1.8303,6.39E-02,-0.4795,-1.2792,-0.6953,-1.1308,-0.9958,-0.6695,-1.4103,-2.3426 
-1.5785,-2.0225,0.5442,-0.9933,-0.3362,-0.5555,0.3622,0.1885,-0.5175,-0.8952 
1.9823,0.1937,-1.1809,0.8417,1.1296,-0.4298,0.4986,0.203,0.4817,-0.4445 
2.4138,4.48E-02,-0.5227000000000001,1.2835,0.9486,1.0645,-1.1504,-0.2037,0.9434,1.0884 
0.9360000000000001,-8.68E-02,0.6862,0.2551,0.1959,1.0123,0.9248,-0.3235,0.522,0.9509 
0.8209,1.3697,-0.9692,0.8789,0.6484,0.8308,-1.3311,-1.0804,4.74E-02,0.3484 
0.4726,-1.0163,-1.7739,-1.0775,-1.0565,-2.9872,-0.4977,-1.8328,-1.4639,-1.3859 
1.0102,2.4019,-0.1218,1.8037,0.1756,0.5271,-1.9419,1.9553,0.5568,-0.2995 
-0.2952,-0.6778,0.7003,-1.0113,0.6742,0.3814,0.9525,0.6413,-9.5E-03,0.3904 
-0.2436,-0.5263,1.6213,-0.8338,-0.7067,-1.4172,-0.2243,-1.4806,-0.9989,-1.8454 
